CLIENT,Country,Region,PO# Against Offer [MIS No.],Offer Date [DD-MMM-YYYY],BWRO WO NO.,BWRL (Dashboard) WO NO.,BWRL WO Date [DD-MMM-YY],WO item no.,PO,PO# Date [DD-MMM-YY],Delivery date,Shipment Term,Product Category,DIA,Const,Finish,Core,Lay,Lub,Tensile,Mass Factor,Kg/ Mtr,Reel Length [Mtrs],Wt./ reel [MT],NO. of Reels,Total PO Qty. [Mtrs],Total PO Qty. [MT],Foreign Currency [abbr->FC],Conversion [FC to INR],Price/mtr (FC),PO# CIF/FOB [FC/MT],PO# Freight [FC],Freight Comp.,PO# FOB [FC/MT],PO# Value [FC],Payment Terms,Dispatched [MTRs],Dispd. [MT],Pending [MTRs],Pend. [MT],Pending Value [FC],Special requirements [Reel/Lub/tape],Marketing Remarks,A/C Holder,CI No.,CI Date [DD-MMM-YY]
XYZ Ltd,UAE,APAC,1000,2023-01-01,2000,3000,2023-02-01,9,4000,2023-03-01,2023-04-01,FOB,Strand,33,6x36,Ungalvanized,IWRC,LHOL,Yes,1330,1.3495012119452472,1.0467073977460424,1475,7.578215672366941,15,1849,17.858599427430672,EUR,86.21721882629464,83.46325263175343,293.45858159026125,147.9911455168558,DHL,135.34504222517344,11669.191222938407,Advance,8290,88.87853011727165,190,20.610287638102463,18895.275150743735,Tape,High Demand,Holder1,5000,2023-05-01
XYZ Ltd,USA,EMEA,1001,2023-01-02,2001,3001,2023-02-02,6,4001,2023-03-02,2023-04-02,CIF,Wire Rope,11,6x36,Galvanized,IWRC,LHOL,No,1884,0.818844563784027,1.0932393467056456,505,2.787132522037723,6,3851,31.174971138512085,USD,78.21533938894235,46.8606236297351,110.43417719052715,74.50659953370658,Maersk,206.52368654734587,67222.66251004444,Advance,2293,59.406776424201055,2650,2.266947977520999,4059.0044691598414,None,Average,Holder2,5001,2023-05-02
Global Steel,Germany,NA,1002,2023-01-03,2002,3002,2023-02-03,4,4002,2023-03-03,2023-04-03,CIF,Wire Rope,26,6x19,Ungalvanized,FC,LHOL,No,1375,1.0097441285529416,2.6463619146818025,1211,7.191882934107907,19,9582,81.1975416720687,EUR,75.84929662531141,80.18188888128338,337.8432301898953,181.2152969293159,Maersk,217.62644686805152,29482.410402192763,30 Days,6246,13.892263971204887,1109,26.247188765695483,15987.09765028727,None,Average,Holder2,5002,2023-05-03
ABC Corp,USA,APAC,1003,2023-01-04,2003,3003,2023-02-04,7,4003,2023-03-04,2023-04-04,FOB,Wire Rope,39,6x19,Ungalvanized,IWRC,RHOL,Yes,1678,1.2965001308780666,4.255332225795694,808,4.952078994246726,16,6009,58.73836899317386,EUR,74.3954481990821,48.41485319729931,171.2595346684526,148.61703618635957,Maersk,223.32115568805978,95741.90069299898,60 Days,1948,81.36697608247756,805,8.815016232001877,4162.891437058086,None,Good,Holder1,5003,2023-05-04
Prime Metals,USA,APAC,1004,2023-01-05,2004,3004,2023-02-05,5,4004,2023-03-05,2023-04-05,CIF,Strand,25,6x19,Galvanized,FC,RHOL,No,1793,0.9674846211665858,4.012018453729771,756,9.002287392692859,12,2132,35.30596771025127,USD,75.28398541368337,84.85190971061243,123.37742075737728,105.56160858313063,Maersk,117.90550214450342,97667.6424605213,30 Days,5521,67.56091483319688,2702,12.87095983128186,4693.659478910889,Lubricated,Average,Holder1,5004,2023-05-05
ABC Corp,India,APAC,1005,2023-01-06,2005,3005,2023-02-06,4,4005,2023-03-06,2023-04-06,CIF,Cable,39,6x19,Ungalvanized,FC,LHOL,Yes,1294,1.250059851851772,3.5315197581175966,1194,1.9689383676117913,19,4330,61.19447592499166,USD,72.90229708457836,80.80265139802216,308.69066797031843,111.12281038422398,Maersk,110.00513894604325,46898.523492783694,30 Days,4613,43.43666954500991,1990,15.704881246271608,1598.117978505957,Lubricated,Good,Holder1,5005,2023-05-06
Prime Metals,USA,NA,1006,2023-01-07,2006,3006,2023-02-07,4,4006,2023-03-07,2023-04-07,CIF,Strand,48,6x36,Galvanized,FC,RHOL,No,1178,0.988073097491948,4.116837449589935,1133,7.248455901433338,1,8972,54.7550393447266,USD,81.40225538801906,82.54371328282514,285.1371112656327,93.23866659585109,DHL,457.1732853805731,53195.1180544185,60 Days,2002,49.008529508872016,1142,3.894748737003948,14340.325250797534,None,Average,Holder1,5006,2023-05-07
Prime Metals,Germany,APAC,1007,2023-01-08,2007,3007,2023-02-08,9,4007,2023-03-08,2023-04-08,CIF,Wire Rope,10,6x36,Galvanized,FC,LHOL,No,1986,1.4157423750853249,3.17283536107533,1165,7.317657519541889,1,2483,97.11437316835715,EUR,75.03778043359249,45.63489609005565,355.5853340401226,164.5535054524761,DHL,215.12938258531543,53044.04509391189,60 Days,1724,16.319322591039434,618,17.825936410256986,1948.7736459695684,Tape,Average,Holder1,5007,2023-05-08
Prime Metals,Germany,NA,1008,2023-01-09,2008,3008,2023-02-09,7,4008,2023-03-09,2023-04-09,CIF,Cable,46,6x19,Galvanized,FC,RHOL,No,1714,0.9359307930734413,3.280031453129131,1341,4.919442476550662,2,6620,91.06783123379624,EUR,75.14224881970308,38.546255329462305,315.37974331626265,169.28600353351743,DHL,201.057799334944,64197.159149929736,Advance,8111,70.80220564090763,2764,13.373759736332405,4768.357639741987,Lubricated,Average,Holder1,5008,2023-05-09
XYZ Ltd,UAE,APAC,1009,2023-01-10,2009,3009,2023-02-10,3,4009,2023-03-10,2023-04-10,FOB,Cable,18,6x36,Ungalvanized,IWRC,LHOL,No,1885,1.1679838542350134,4.634858979981546,1669,2.151506792801377,10,4719,79.39801558386526,EUR,87.06158095241076,85.53249323286086,341.9734686814402,150.17511654838734,DHL,122.20193304226021,87015.48534479197,30 Days,2906,82.63989398263682,578,19.904990994517032,9149.02651965231,Lubricated,Average,Holder1,5009,2023-05-10
Global Steel,UAE,APAC,1010,2023-01-11,2010,3010,2023-02-11,6,4010,2023-03-11,2023-04-11,CIF,Wire Rope,27,6x19,Galvanized,FC,RHOL,No,1964,1.4551762386882345,1.7278488959335605,937,1.5644637524280642,9,8014,23.09189530225577,USD,70.07075352328701,34.59651141280629,298.8568236360132,112.86178632488952,DHL,412.68806184110673,15310.043047760992,60 Days,2012,8.038749414137664,281,3.3088875159039177,17627.996210091005,Tape,High Demand,Holder1,5010,2023-05-11
ABC Corp,India,EMEA,1011,2023-01-12,2011,3011,2023-02-12,6,4011,2023-03-12,2023-04-12,FOB,Wire Rope,46,6x36,Galvanized,FC,RHOL,Yes,1346,1.1933396610491769,3.2344004915575373,991,6.8823364065984265,5,3162,55.70553396506213,EUR,79.76526134948679,43.98274105137799,497.8080870864377,173.74629367808703,DHL,214.45743807529607,84436.52591580737,30 Days,6086,53.185634809963105,2316,3.9347206066427463,8985.485838245611,Tape,Average,Holder2,5011,2023-05-12
XYZ Ltd,UAE,NA,1012,2023-01-13,2012,3012,2023-02-13,9,4012,2023-03-13,2023-04-13,FOB,Wire Rope,26,6x36,Galvanized,FC,RHOL,No,1592,0.9302476223786602,3.6331175949917855,1959,3.108000708395628,12,4546,73.98841206384786,EUR,82.24903274989677,24.43319752673181,254.60692382610426,196.02827981094578,DHL,123.76764452724531,36372.016807490516,60 Days,7655,69.01998396758768,1755,9.882350068454894,3336.102437971053,None,High Demand,Holder2,5012,2023-05-13
ABC Corp,Germany,APAC,1013,2023-01-14,2013,3013,2023-02-14,3,4013,2023-03-14,2023-04-14,CIF,Strand,40,6x19,Ungalvanized,IWRC,RHOL,No,1502,0.9591149289301172,3.234649359016639,1592,4.930496971230133,8,5162,46.849738710150895,USD,88.55877218851825,56.207728310917226,291.653349626638,141.1343993118998,DHL,415.57253573027447,11046.173267394799,30 Days,7411,19.398607899364904,1911,23.723916058103747,9394.851250656411,None,Average,Holder1,5013,2023-05-14
ABC Corp,USA,NA,1014,2023-01-15,2014,3014,2023-02-15,1,4014,2023-03-15,2023-04-15,CIF,Cable,45,6x36,Ungalvanized,IWRC,RHOL,No,1132,1.4870193266124039,1.6829501406007208,1412,3.5817246453300964,14,4989,26.877786941955264,USD,86.5487155403297,19.02488044962913,444.1694808501115,67.52487865450027,Maersk,373.73535747377036,98041.0980302435,Advance,7192,77.15561088584343,856,19.428184568645722,19003.518020232706,Lubricated,High Demand,Holder2,5014,2023-05-15
ABC Corp,Germany,EMEA,1015,2023-01-16,2015,3015,2023-02-16,4,4015,2023-03-16,2023-04-16,FOB,Cable,21,6x19,Ungalvanized,FC,LHOL,Yes,1795,1.1793035207439666,3.864115329623584,1976,3.653133625995184,2,4859,92.53230364021334,EUR,75.81935319080351,84.07788891702727,374.2160319005638,99.91427662048562,DHL,367.6871506972017,89196.41288555677,30 Days,1578,41.16719601917961,2738,18.52401077258563,18623.327607648014,Tape,Average,Holder2,5015,2023-05-16
Prime Metals,Germany,EMEA,1016,2023-01-17,2016,3016,2023-02-17,9,4016,2023-03-17,2023-04-17,FOB,Wire Rope,43,6x19,Galvanized,FC,LHOL,Yes,1451,0.9069619841482948,1.0674315944880308,1676,5.732353664734524,5,5544,90.88737250450964,EUR,88.95600098622063,32.938966137929256,326.13413089086515,191.29361246701785,DHL,109.64043425503588,67487.67081960995,60 Days,1192,22.200332860418158,878,11.729120811085313,18134.00011283527,Tape,High Demand,Holder1,5016,2023-05-17
Global Steel,Germany,EMEA,1017,2023-01-18,2017,3017,2023-02-18,2,4017,2023-03-18,2023-04-18,CIF,Cable,33,6x19,Ungalvanized,FC,RHOL,No,1471,0.8531826532400681,1.733646825437284,1730,2.6469225858292376,17,4996,32.895280701696706,USD,81.46468600958943,85.65830870304998,139.55577961508317,147.61892053310862,DHL,368.60614570654013,21214.546080638713,Advance,8902,87.07549625684352,1421,27.424059565100883,5262.449094544327,Tape,High Demand,Holder1,5017,2023-05-18
Global Steel,UAE,APAC,1018,2023-01-19,2018,3018,2023-02-19,7,4018,2023-03-19,2023-04-19,FOB,Cable,41,6x19,Ungalvanized,FC,RHOL,Yes,1497,0.9270366487710872,1.2640212804361144,1809,8.326386862574902,5,6270,53.750189477802905,USD,88.18275782756929,91.86616008165764,259.1128961894923,63.719334439730986,Maersk,141.11577337769688,64903.29240222754,Advance,2399,55.78553946839309,469,20.421017482931017,19370.664813928313,None,Good,Holder1,5018,2023-05-19
ABC Corp,USA,EMEA,1019,2023-01-20,2019,3019,2023-02-20,4,4019,2023-03-20,2023-04-20,FOB,Wire Rope,45,6x36,Ungalvanized,IWRC,LHOL,Yes,1900,1.3145309535495333,4.949656136936461,547,4.311867375263514,4,2631,92.44641253974136,EUR,79.23063891362443,10.189894595375748,140.79387100796126,196.33736765330272,DHL,296.30850283937355,64485.5829868713,30 Days,2723,22.831949759387985,2246,9.160565234581174,6993.790978806583,None,High Demand,Holder2,5019,2023-05-20
ABC Corp,Germany,NA,1020,2023-01-21,2020,3020,2023-02-21,7,4020,2023-03-21,2023-04-21,FOB,Cable,20,6x19,Galvanized,IWRC,LHOL,No,1955,0.9852881307636205,3.1393344157082224,1181,1.25231333129775,16,5720,51.39527539765156,USD,85.65514580655022,68.14175834263771,403.281763581295,184.0191743911069,Maersk,401.7898005211062,38978.50175897326,30 Days,4664,37.238038806908314,1547,5.920992161723842,16611.549758307643,Tape,Average,Holder2,5020,2023-05-21
Global Steel,India,EMEA,1021,2023-01-22,2021,3021,2023-02-22,8,4021,2023-03-22,2023-04-22,FOB,Cable,17,6x19,Ungalvanized,IWRC,RHOL,Yes,1422,1.1659861082021257,1.2731833404634214,1434,6.024198985351582,11,2196,73.0866408539462,USD,75.54794768299442,85.09151208000407,419.93863169019005,176.46167498926067,Maersk,407.6516518366088,84727.68838588613,60 Days,8816,78.96974638415033,2340,20.904642675820885,5812.4596492158835,Tape,Good,Holder2,5021,2023-05-22
Global Steel,USA,NA,1022,2023-01-23,2022,3022,2023-02-23,2,4022,2023-03-23,2023-04-23,FOB,Strand,11,6x19,Ungalvanized,FC,LHOL,No,1706,1.4422963223103742,2.9566281493362134,650,1.0220613798819853,19,1107,55.71980040764238,USD,87.98511141336024,73.79705386708216,191.96296827619278,51.06126804954112,DHL,111.33355629125141,98922.69223957085,Advance,2948,60.4535050818115,1566,3.4016283356555412,9619.87561781602,Lubricated,Average,Holder2,5022,2023-05-23
ABC Corp,UAE,APAC,1023,2023-01-24,2023,3023,2023-02-24,2,4023,2023-03-24,2023-04-24,FOB,Wire Rope,15,6x36,Ungalvanized,IWRC,LHOL,Yes,1595,1.0762645832536286,3.5054780254144813,1966,3.532405402339773,4,3688,98.46484267197442,EUR,82.73439666154644,32.77335579596823,410.3460671852401,117.61565043350255,Maersk,222.24038670335057,35270.59590691826,60 Days,5635,20.488194046097526,2322,3.9650274589025147,13735.613324999214,Lubricated,High Demand,Holder2,5023,2023-05-24
Prime Metals,India,APAC,1024,2023-01-25,2024,3024,2023-02-25,3,4024,2023-03-25,2023-04-25,FOB,Strand,33,6x19,Ungalvanized,IWRC,RHOL,Yes,1202,1.1198903796567306,3.366089890875608,715,6.813640896726553,5,8242,24.13493410422037,USD,89.34262860508626,29.278183715194142,107.5424429405294,130.77342936871844,Maersk,450.98383882600854,49219.65061719523,30 Days,7142,86.31291433491062,1124,19.51288374555036,16207.983389341376,None,High Demand,Holder1,5024,2023-05-25
XYZ Ltd,UAE,APAC,1025,2023-01-26,2025,3025,2023-02-26,6,4025,2023-03-26,2023-04-26,FOB,Strand,23,6x36,Galvanized,FC,LHOL,Yes,1001,1.0245404997707537,4.443530659928257,1889,3.803818142791983,2,7245,92.45738786081331,USD,81.09060035160148,46.40525284433035,313.0582531152445,77.50244765385752,DHL,464.12686326667017,52143.10301962834,30 Days,8763,42.30598531765498,466,25.18741315442314,17303.222168955654,Tape,High Demand,Holder1,5025,2023-05-26
ABC Corp,UAE,NA,1026,2023-01-27,2026,3026,2023-02-27,9,4026,2023-03-27,2023-04-27,CIF,Cable,30,6x36,Ungalvanized,IWRC,RHOL,No,1001,0.8987419598963303,3.699802570429205,1980,9.985697190255394,17,5071,51.33981229683089,EUR,88.53999694868766,36.4151047424851,177.78264650959318,103.4309720344362,Maersk,119.87052617544576,48281.322427001745,Advance,6535,18.283854242384475,213,2.4814804021041437,13549.907005118355,Lubricated,Good,Holder2,5026,2023-05-27
ABC Corp,UAE,EMEA,1027,2023-01-28,2027,3027,2023-02-28,3,4027,2023-03-28,2023-04-28,FOB,Wire Rope,11,6x19,Galvanized,FC,LHOL,No,1335,0.9337515190034318,1.0843055650380569,1420,9.124067494048354,12,9630,86.88782269247618,EUR,83.28079874966969,68.9148234758308,419.79224734395405,51.42591113116902,DHL,282.91639779060404,45735.32001385064,30 Days,6887,80.10724984576791,1209,7.979839208039597,3733.326452375721,None,Good,Holder2,5027,2023-05-28
XYZ Ltd,Germany,EMEA,1028,2023-01-29,2028,3028,2023-03-01,6,4028,2023-03-29,2023-04-29,FOB,Strand,22,6x36,Galvanized,FC,LHOL,Yes,1734,1.244460533747417,3.6848538874093717,994,4.09224124499449,8,3928,31.911839842657788,USD,70.70120257905701,43.00613809903163,246.42765252918684,150.13277784440407,DHL,405.47922935552066,80185.59467219922,Advance,6763,85.69210415179509,2103,11.261756746850363,15039.334916893671,None,Good,Holder1,5028,2023-05-29
Global Steel,India,NA,1029,2023-01-30,2029,3029,2023-03-02,9,4029,2023-03-30,2023-04-30,CIF,Strand,16,6x36,Galvanized,FC,RHOL,Yes,1437,1.2579495084875487,1.3386770871489575,1107,6.1773638155353865,5,5980,34.88479678497681,EUR,74.88145873684226,74.35805850330891,254.84725451336158,196.38103580157204,DHL,458.9629219166869,17171.70717398006,Advance,8176,67.46048343826156,1946,11.149440722263515,17468.571210813265,Tape,Good,Holder1,5029,2023-05-30
XYZ Ltd,Germany,NA,1030,2023-01-31,2030,3030,2023-03-03,7,4030,2023-03-31,2023-05-01,CIF,Strand,14,6x19,Galvanized,FC,LHOL,No,1543,1.4026134553877114,2.0094840913515877,1600,9.289206439533892,4,4765,86.56226224731212,EUR,78.23527475337715,51.78294083850018,332.8607214175076,119.08595091832433,Maersk,166.31212737861057,94447.9769000778,60 Days,3387,58.59623581136391,1703,17.18822517876889,4916.593356186717,None,Good,Holder2,5030,2023-05-31
XYZ Ltd,UAE,EMEA,1031,2023-02-01,2031,3031,2023-03-04,2,4031,2023-04-01,2023-05-02,CIF,Strand,46,6x19,Galvanized,IWRC,LHOL,No,1631,0.9852042221202483,2.8985895843143274,1649,5.908147018558466,1,4203,49.336680228477746,USD,89.78567290207526,36.512081064360586,162.5874172061136,148.7272760150162,DHL,337.66177700370656,83457.89060893533,30 Days,4687,19.76503374195754,1811,13.589944561086536,2796.199134902936,None,Good,Holder1,5031,2023-06-01
ABC Corp,USA,NA,1032,2023-02-02,2032,3032,2023-03-05,3,4032,2023-04-02,2023-05-03,FOB,Strand,19,6x19,Ungalvanized,FC,RHOL,Yes,1370,1.393733622439897,3.9568508585285906,1759,7.90530213021292,18,7598,99.999402739561,EUR,81.29832886231446,33.64190302451143,317.3275202371649,121.47643524278952,Maersk,471.12880506520105,67331.62829673436,60 Days,2214,51.435354983681044,1034,1.1629210208041052,15354.577187603043,None,High Demand,Holder2,5032,2023-06-02
XYZ Ltd,Germany,EMEA,1033,2023-02-03,2033,3033,2023-03-06,1,4033,2023-04-03,2023-05-04,FOB,Strand,10,6x36,Ungalvanized,FC,RHOL,No,1215,1.389688753438194,2.4678219528279675,966,3.3645143254280736,14,3865,42.641782081211204,EUR,83.20761045749717,83.22188542683571,493.6952853460815,161.33785709431513,DHL,408.6622356821858,16151.760088205065,Advance,7398,82.36389642965383,2715,28.488216289609262,17298.577377409754,None,Good,Holder1,5033,2023-06-03
Global Steel,UAE,EMEA,1034,2023-02-04,2034,3034,2023-03-07,9,4034,2023-04-04,2023-05-05,FOB,Wire Rope,26,6x36,Ungalvanized,FC,LHOL,No,1100,1.1917143952166442,4.957746285400321,1291,1.949970159313265,14,7200,41.84214719134873,USD,84.7758678123743,46.57804319636726,306.98643820586767,80.54604160023277,Maersk,240.67367524312502,75719.76079239993,Advance,888,47.06813643394574,1119,1.4420268289218552,15608.192420557292,None,Average,Holder2,5034,2023-06-04
XYZ Ltd,UAE,NA,1035,2023-02-05,2035,3035,2023-03-08,6,4035,2023-04-05,2023-05-06,CIF,Cable,37,6x19,Galvanized,FC,LHOL,No,1422,0.830786886651923,4.068751095794768,1878,6.07781835998793,2,9512,95.39699343810581,USD,87.27787814724228,85.74278329703176,406.1361264811978,104.54900529314574,DHL,351.9678312693377,46975.33844164143,60 Days,7882,32.1810799255541,660,24.502934119751583,10450.363309417464,Lubricated,Good,Holder1,5035,2023-06-05
ABC Corp,UAE,EMEA,1036,2023-02-06,2036,3036,2023-03-09,5,4036,2023-04-06,2023-05-07,CIF,Strand,38,6x36,Galvanized,IWRC,RHOL,No,1995,0.8856456687025438,1.4802170347849195,1209,9.253676883551202,3,8972,22.547707099056453,EUR,87.4451358522601,37.08045443307376,250.68518287322243,163.5899738215743,Maersk,327.80911747164464,31605.070122941735,Advance,3307,65.89447288820145,2179,21.490599428802106,2613.66207869154,Tape,High Demand,Holder2,5036,2023-06-06
ABC Corp,Germany,EMEA,1037,2023-02-07,2037,3037,2023-03-10,2,4037,2023-04-07,2023-05-08,CIF,Wire Rope,43,6x19,Galvanized,FC,LHOL,No,1887,1.1278544439249876,4.292779635205582,1399,7.419576395318994,14,9226,90.60229144291814,EUR,76.93594864767381,12.162399104464912,438.19038713095813,178.25383530606027,DHL,262.9518308962952,40064.24743229037,30 Days,5374,48.61055783288685,882,21.215965081114224,4869.940822714839,None,Good,Holder2,5037,2023-06-07
Global Steel,India,APAC,1038,2023-02-08,2038,3038,2023-03-11,2,4038,2023-04-08,2023-05-09,FOB,Strand,34,6x36,Ungalvanized,FC,RHOL,Yes,1314,1.4351226314038203,4.844630848422707,1194,5.787071372899829,15,5396,64.29641747274445,EUR,74.07850111462626,64.29189842691977,331.64870234345045,153.134843429087,Maersk,193.5513458333713,93490.38922063813,Advance,4152,24.09317505107426,1203,19.404242169565272,12131.294561426035,Tape,Good,Holder2,5038,2023-06-08
XYZ Ltd,UAE,EMEA,1039,2023-02-09,2039,3039,2023-03-12,9,4039,2023-04-09,2023-05-10,FOB,Wire Rope,15,6x19,Ungalvanized,IWRC,LHOL,Yes,1219,1.4433298075650787,4.3524317236213586,1901,6.109622350837456,10,4570,96.85115785374609,EUR,89.95269020635905,99.92437606461992,139.6888378216994,184.7775897671351,DHL,491.80591317098856,64884.45196711751,60 Days,4660,79.20433725099758,2364,21.1081180898493,13180.718227912967,Lubricated,Average,Holder1,5039,2023-06-09
ABC Corp,Germany,EMEA,1040,2023-02-10,2040,3040,2023-03-13,9,4040,2023-04-10,2023-05-11,FOB,Cable,43,6x19,Ungalvanized,IWRC,RHOL,No,1916,1.1100509431860837,4.322787102863425,1141,6.807288753495872,5,8703,14.542570701798029,USD,72.94491843709817,11.04879961388185,401.8869095102013,70.26956698669866,Maersk,368.68696690467914,47650.945789324796,30 Days,6019,82.59286642331804,2524,21.305177406911692,14069.830386965854,None,Good,Holder2,5040,2023-06-10
Prime Metals,USA,NA,1041,2023-02-11,2041,3041,2023-03-14,9,4041,2023-04-11,2023-05-12,FOB,Cable,43,6x19,Ungalvanized,FC,RHOL,Yes,1180,1.0389488211884377,3.4384037082012697,922,5.220146109244966,16,4982,72.23998693950057,USD,88.47783813132092,76.7592677792723,387.00721681052835,145.58724316155514,DHL,291.35418320217605,66821.26207081488,30 Days,4100,45.19651137174889,966,29.22094939238759,12359.552511413389,Lubricated,Average,Holder2,5041,2023-06-11
Prime Metals,UAE,EMEA,1042,2023-02-12,2042,3042,2023-03-15,8,4042,2023-04-12,2023-05-13,CIF,Strand,21,6x19,Ungalvanized,FC,RHOL,Yes,1104,1.3556018863559531,4.703049620842425,1742,3.942274675752791,2,7753,63.45521714480358,USD,82.91095492851973,12.826244100173604,490.5498251255751,149.70142434317992,DHL,146.20564054142574,29110.168980839426,30 Days,4209,76.69612230846903,1536,25.363478150561598,18171.47355068471,Lubricated,High Demand,Holder2,5042,2023-06-12
XYZ Ltd,India,EMEA,1043,2023-02-13,2043,3043,2023-03-16,8,4043,2023-04-13,2023-05-14,FOB,Strand,42,6x19,Galvanized,FC,LHOL,Yes,1153,1.3303309395414287,3.5955105167943207,753,3.3562723975320354,6,1408,77.49564950906496,EUR,88.39356071562796,15.946224041974487,141.46822196501637,199.3504574038226,DHL,436.7608807239637,25312.747707405873,60 Days,1650,38.51519229541147,403,8.573520779214562,6244.825631299815,Lubricated,Good,Holder2,5043,2023-06-13
Prime Metals,Germany,EMEA,1044,2023-02-14,2044,3044,2023-03-17,9,4044,2023-04-14,2023-05-15,FOB,Strand,18,6x36,Galvanized,FC,LHOL,Yes,1654,0.8910373991525065,3.928152613524306,1557,3.253711082221125,2,9514,86.37806984693775,EUR,77.7604695768373,21.121207156042814,243.0003210672885,89.72226478691249,Maersk,291.7246472522349,36975.79694020894,Advance,6948,43.2799517913224,1243,6.290262544918912,5791.089979034108,None,Average,Holder2,5044,2023-06-14
XYZ Ltd,Germany,APAC,1045,2023-02-15,2045,3045,2023-03-18,8,4045,2023-04-15,2023-05-16,FOB,Strand,12,6x19,Ungalvanized,IWRC,LHOL,No,1363,1.4621181370878327,4.63961663628077,1366,6.119948691399224,19,8953,39.81547720838559,EUR,77.10006663070124,96.32692980669505,213.67777105895468,106.77623222230346,Maersk,290.7773836901425,75053.51567422951,30 Days,8811,30.426134543367954,2141,16.884148144433592,10058.850167509107,Tape,Average,Holder2,5045,2023-06-15
Prime Metals,India,APAC,1046,2023-02-16,2046,3046,2023-03-19,2,4046,2023-04-16,2023-05-17,CIF,Cable,10,6x36,Galvanized,FC,RHOL,Yes,1080,1.0113864291784345,3.7841902506569505,1350,6.531667922573116,17,3751,38.45078643510503,EUR,83.58871297861556,23.41730042024314,288.4982618212215,142.82443714730397,Maersk,222.40203755372386,87099.00867062304,30 Days,2599,29.57418729700038,2782,2.9012044759730937,12510.97351531027,None,High Demand,Holder1,5046,2023-06-16
Global Steel,Germany,APAC,1047,2023-02-17,2047,3047,2023-03-20,8,4047,2023-04-17,2023-05-18,FOB,Wire Rope,11,6x36,Galvanized,FC,RHOL,No,1057,1.1451548207123832,4.334746140227969,1683,7.768501273783394,13,1730,90.1968761495661,USD,76.41572677772177,17.191828434975488,329.7882488347725,154.54192381958555,DHL,267.9689828235126,31975.03491394973,Advance,3906,57.67471286829897,2569,18.777307674678358,13998.015855211399,Tape,High Demand,Holder1,5047,2023-06-17
Global Steel,USA,NA,1048,2023-02-18,2048,3048,2023-03-21,3,4048,2023-04-18,2023-05-19,CIF,Cable,24,6x36,Galvanized,FC,RHOL,No,1645,1.4274123745071208,2.0857400199599834,1115,8.071384317451862,6,8876,61.33758277403988,USD,86.6191656446754,85.38954295728284,311.2519556167811,117.66203212637963,DHL,237.12882453528383,57056.41744800442,Advance,6405,45.06218184502239,1525,7.899267482835757,1242.0574206733004,None,Average,Holder2,5048,2023-06-18
Prime Metals,USA,APAC,1049,2023-02-19,2049,3049,2023-03-22,4,4049,2023-04-19,2023-05-20,FOB,Strand,49,6x36,Ungalvanized,FC,RHOL,No,1522,1.2637990300003723,2.3674434637124184,1413,6.909956977192751,16,6948,92.72417794637781,EUR,76.1052504245916,90.92891084800016,332.37118883930395,144.61046769609436,DHL,237.18160312362477,81644.23807517419,60 Days,3481,45.089151216132464,805,0.11553855041805838,16855.04242801234,None,Average,Holder2,5049,2023-06-19
XYZ Ltd,USA,NA,1050,2023-02-20,2050,3050,2023-03-23,3,4050,2023-04-20,2023-05-21,FOB,Cable,20,6x36,Ungalvanized,FC,LHOL,No,1808,0.9201815576672683,4.192736631044073,701,8.094382718288642,15,2061,19.21389469722393,EUR,82.18858389846766,96.29909057498833,416.9043628582445,176.29689060183028,Maersk,379.48882367300007,73700.529769867,60 Days,2888,18.451340709735177,1682,0.09658033141847322,11372.740934384745,Tape,Average,Holder1,5050,2023-06-20
Global Steel,India,APAC,1051,2023-02-21,2051,3051,2023-03-24,8,4051,2023-04-21,2023-05-22,FOB,Wire Rope,33,6x19,Galvanized,IWRC,LHOL,Yes,1667,1.3463337084731448,1.213852506676845,1615,6.999466502658072,8,4393,35.643764990409764,USD,85.9436770358496,34.37390063312927,318.49213846496696,195.70005685507337,DHL,232.51406009946228,45964.69541802632,30 Days,7175,26.764351992717078,794,6.315075279683807,18272.16627098507,Tape,Good,Holder1,5051,2023-06-21
ABC Corp,USA,NA,1052,2023-02-22,2052,3052,2023-03-25,3,4052,2023-04-22,2023-05-23,CIF,Cable,25,6x36,Ungalvanized,IWRC,LHOL,Yes,1480,1.0248151244154098,1.2020600132350272,904,8.595151463293302,7,9035,43.94597692387403,USD,85.74002202728465,33.00286186289637,125.5335794446907,165.84306685669338,Maersk,259.43531806651765,63834.120616416985,30 Days,1546,72.13717749406132,1445,3.0917272053774383,8854.046634744038,None,Good,Holder1,5052,2023-06-22
Global Steel,USA,APAC,1053,2023-02-23,2053,3053,2023-03-26,9,4053,2023-04-23,2023-05-24,CIF,Strand,18,6x36,Galvanized,FC,RHOL,No,1147,1.2095935534204465,4.3621211762952115,880,1.5850461289338074,10,4873,50.652011224801164,EUR,79.32871295537284,52.50764919665718,132.30842458373473,99.20838812320456,DHL,454.3269284647441,99926.27041421588,60 Days,1939,80.777278390724,635,22.299138567539668,8704.14248095504,Lubricated,Good,Holder1,5053,2023-06-23
ABC Corp,UAE,APAC,1054,2023-02-24,2054,3054,2023-03-27,5,4054,2023-04-24,2023-05-25,FOB,Strand,23,6x19,Ungalvanized,IWRC,RHOL,No,1628,0.9075610043423388,1.2944400143896289,1150,3.453222401016797,8,7839,98.55741668361384,USD,72.23227308868478,27.93711778029597,374.41081688062803,171.12308582715292,Maersk,203.96471882769134,10778.335080530933,Advance,8158,30.553841674497697,925,26.518528292824584,18407.105297651575,Tape,Good,Holder1,5054,2023-06-24
Global Steel,Germany,NA,1055,2023-02-25,2055,3055,2023-03-28,8,4055,2023-04-25,2023-05-26,FOB,Cable,48,6x19,Ungalvanized,IWRC,RHOL,No,1823,1.3379644352335378,3.0453125124279214,526,6.598046164867321,13,4724,18.668412776870888,EUR,75.16841381482912,91.18960754783059,443.9949649175364,52.5999164672422,Maersk,403.9029077029189,49858.4547337866,Advance,2872,26.888351710307667,56,9.668616359908995,12802.501640438666,Lubricated,High Demand,Holder2,5055,2023-06-25
ABC Corp,USA,NA,1056,2023-02-26,2056,3056,2023-03-29,6,4056,2023-04-26,2023-05-27,CIF,Cable,10,6x19,Galvanized,FC,LHOL,Yes,1470,0.9607514836546027,2.302930236944487,1196,8.961478077730359,13,3043,92.88792737453467,EUR,87.10886781643931,67.32114519923724,225.33382304769538,114.58135615272047,Maersk,202.74619716488277,59355.155091562796,Advance,2856,20.530138846866087,959,12.299550803515485,11548.160757921933,None,High Demand,Holder1,5056,2023-06-26
Prime Metals,UAE,NA,1057,2023-02-27,2057,3057,2023-03-30,4,4057,2023-04-27,2023-05-28,FOB,Wire Rope,24,6x36,Galvanized,FC,LHOL,No,1923,1.3999834056420317,1.8257378861345641,1476,9.069777571047187,17,6698,49.97667426057205,EUR,70.62893218138824,82.3429691129522,117.7423203701606,124.22504989664638,DHL,327.3262751495584,75548.50946763222,60 Days,7795,58.575876909607786,1966,18.04930189298614,12391.455756797042,Lubricated,High Demand,Holder1,5057,2023-06-27
Global Steel,Germany,APAC,1058,2023-02-28,2058,3058,2023-03-31,1,4058,2023-04-28,2023-05-29,CIF,Strand,34,6x36,Ungalvanized,IWRC,RHOL,No,1017,1.0522364664406698,3.522919544559471,1666,8.737017966110848,17,2489,13.430893700357718,USD,79.24943789079299,79.74300364182734,194.2885490978511,91.14050249047428,DHL,291.00871062846255,19102.71284417968,Advance,1239,37.259912060823815,790,23.59099235437289,12713.202760870492,Tape,Good,Holder2,5058,2023-06-28
Global Steel,India,APAC,1059,2023-03-01,2059,3059,2023-04-01,2,4059,2023-04-29,2023-05-30,CIF,Strand,39,6x36,Ungalvanized,FC,LHOL,No,1887,1.1865309341251284,3.4584661680171203,865,6.500733597517203,7,5823,37.7036407153615,USD,80.00017365633607,90.72780141663308,405.64827122368905,182.08236604046482,Maersk,285.84976182139167,28029.20549361982,30 Days,5037,57.54708661925651,1994,3.4532081174597584,14483.266151932048,Lubricated,Average,Holder2,5059,2023-06-29
ABC Corp,UAE,EMEA,1060,2023-03-02,2060,3060,2023-04-02,1,4060,2023-04-30,2023-05-31,CIF,Cable,37,6x36,Galvanized,IWRC,LHOL,No,1545,0.8687825482877949,3.6886660477928763,1842,7.927020237476283,19,4239,89.12194892930695,EUR,71.21294417883131,53.54676691665085,128.54230288419234,77.44467069623991,DHL,229.16850102502212,96078.10597550057,Advance,3433,48.676172745548484,1916,3.1300091014031963,7276.97533247193,Tape,Average,Holder1,5060,2023-06-30
Global Steel,USA,EMEA,1061,2023-03-03,2061,3061,2023-04-03,5,4061,2023-05-01,2023-06-01,FOB,Strand,17,6x19,Ungalvanized,FC,LHOL,No,1342,1.3588932767252473,2.6915445204311186,579,2.7978488584727508,19,3662,47.00206026837956,USD,89.91325833507955,86.31851763091592,304.03752255895745,82.38188386185767,Maersk,389.310515116552,67225.63129741779,30 Days,6549,66.81799310313615,1128,12.352938485684724,6426.630876319049,Tape,High Demand,Holder1,5061,2023-07-01
XYZ Ltd,USA,EMEA,1062,2023-03-04,2062,3062,2023-04-04,1,4062,2023-05-02,2023-06-02,FOB,Strand,27,6x19,Ungalvanized,IWRC,RHOL,No,1670,1.1202757048929601,1.7425314222147503,1970,1.3489601907093052,18,1872,99.53777864929027,USD,78.91644085059707,75.99852702272285,429.9896658626383,159.36415246162989,DHL,498.33031894124684,72626.77989920352,30 Days,8573,35.22502134822327,811,15.013986975588569,10428.088260281993,Lubricated,Average,Holder2,5062,2023-07-02
XYZ Ltd,UAE,EMEA,1063,2023-03-05,2063,3063,2023-04-05,4,4063,2023-05-03,2023-06-03,FOB,Strand,17,6x36,Ungalvanized,FC,RHOL,No,1565,1.4908352435588466,2.959050728480626,1602,9.93379618274558,18,1038,52.09751033661034,EUR,76.11650924161394,26.11495895404759,100.8848428388407,138.71602024763575,DHL,353.24037762555736,39869.253043655204,Advance,4135,52.438642583049855,19,11.373768833598458,19478.51962201261,None,High Demand,Holder2,5063,2023-07-03
ABC Corp,Germany,APAC,1064,2023-03-06,2064,3064,2023-04-06,1,4064,2023-05-04,2023-06-04,CIF,Strand,25,6x19,Ungalvanized,IWRC,RHOL,No,1257,1.1080728543602607,4.430985654430884,1968,4.349848079273491,18,5677,36.700681193661694,USD,84.55359614382911,39.44647704313327,142.71612003566975,164.51444151103772,DHL,401.23209337682727,80561.5136676875,30 Days,1867,51.28786344374825,2858,26.968035533396833,12304.984401579832,Tape,Good,Holder2,5064,2023-07-04
Prime Metals,USA,NA,1065,2023-03-07,2065,3065,2023-04-07,6,4065,2023-05-05,2023-06-05,CIF,Cable,49,6x19,Ungalvanized,FC,RHOL,No,1975,0.8667007806614423,3.209086910283748,1427,3.2526234570094177,11,1084,55.10359176481958,EUR,72.06388049115311,62.39961814204261,186.79218034466743,168.22413449810432,Maersk,155.71121023826402,83680.65458242795,Advance,2045,88.94396210997259,1999,6.016995347016948,10678.769584856987,None,High Demand,Holder1,5065,2023-07-05
Prime Metals,Germany,NA,1066,2023-03-08,2066,3066,2023-04-08,3,4066,2023-05-06,2023-06-06,CIF,Cable,11,6x36,Galvanized,FC,LHOL,No,1916,0.8980363665203067,2.7175832872451333,1655,4.035489476484438,2,2342,48.83581429245723,USD,81.79529704655758,51.87928726646919,152.8543593072613,115.22869095920008,DHL,251.16782087473712,79109.62065668083,Advance,1421,65.3029652959053,2164,1.890800827358452,10933.29449386079,Tape,Average,Holder1,5066,2023-07-06
Prime Metals,USA,NA,1067,2023-03-09,2067,3067,2023-04-09,9,4067,2023-05-07,2023-06-07,FOB,Wire Rope,48,6x36,Ungalvanized,FC,RHOL,No,1676,0.872120608697527,4.592729068243488,699,8.433000441022383,9,8845,69.33609441892513,USD,75.77129677097172,47.42391370588555,137.6999170607912,101.29238825620354,Maersk,182.71849915290363,67678.37639865797,30 Days,1912,56.27048399811761,1166,14.511316905712233,7151.8494344393475,Tape,Good,Holder2,5067,2023-07-07
ABC Corp,UAE,NA,1068,2023-03-10,2068,3068,2023-04-10,8,4068,2023-05-08,2023-06-08,FOB,Cable,44,6x36,Ungalvanized,FC,LHOL,No,1289,1.0002266334750687,1.8316880746319155,1283,1.2346199794338086,5,5886,60.88327485305522,USD,78.56867495002409,72.07064099672189,292.44952415366555,136.57917818534338,Maersk,443.47260706818815,49497.68099310873,Advance,5276,62.91815366580602,2151,28.429754493316693,4901.260950656039,Tape,Good,Holder2,5068,2023-07-08
Global Steel,India,NA,1069,2023-03-11,2069,3069,2023-04-11,3,4069,2023-05-09,2023-06-09,CIF,Wire Rope,37,6x19,Ungalvanized,IWRC,LHOL,No,1407,0.8041536713590597,1.5959976025080937,1771,1.8687336834061778,19,4819,30.39407256171307,EUR,80.8527516533782,29.818749403463322,183.1111178600747,133.00665395556513,Maersk,377.4285908349344,30571.0813314368,60 Days,5484,54.49572219641505,703,26.016031447216992,14119.36459218723,None,Good,Holder2,5069,2023-07-09
ABC Corp,UAE,NA,1070,2023-03-12,2070,3070,2023-04-12,9,4070,2023-05-10,2023-06-10,CIF,Strand,46,6x36,Ungalvanized,IWRC,RHOL,No,1434,1.259447357118959,2.2109987848048682,648,8.960838347158756,10,8387,71.11205374375766,USD,74.9231756347343,51.038349020091324,485.040836094064,91.86815468040784,DHL,258.0566939605966,62902.151735851076,Advance,510,84.91499202502433,85,0.5488326494173745,13781.654428437037,Lubricated,Average,Holder1,5070,2023-07-10
XYZ Ltd,USA,EMEA,1071,2023-03-13,2071,3071,2023-04-13,2,4071,2023-05-11,2023-06-11,FOB,Cable,26,6x19,Ungalvanized,FC,RHOL,No,1212,1.0807282159181886,1.6400987359707226,791,3.7456052276083827,17,1688,73.23682380401792,USD,75.71199234572495,89.97957876764842,460.3029774515699,116.11618278143328,DHL,343.13327811906055,38082.72479068301,Advance,6918,76.45537427664154,2846,27.84686775410745,8782.625473805962,None,Average,Holder2,5071,2023-07-11
ABC Corp,Germany,EMEA,1072,2023-03-14,2072,3072,2023-04-14,4,4072,2023-05-12,2023-06-12,FOB,Wire Rope,48,6x19,Galvanized,FC,RHOL,No,1836,1.1709104327061426,3.0443084867866164,510,3.5070641791011226,5,8653,39.529121699216574,USD,72.86612926775442,94.90724120454271,384.98853236106567,89.67748558002774,DHL,157.43341926508995,53824.909509526515,Advance,1448,39.58083791335403,2777,10.137156362143681,5969.994607731371,Lubricated,Good,Holder1,5072,2023-07-12
ABC Corp,Germany,NA,1073,2023-03-15,2073,3073,2023-04-15,1,4073,2023-05-13,2023-06-13,FOB,Cable,28,6x36,Ungalvanized,FC,LHOL,Yes,1710,1.0552745949299625,2.504331582902042,1241,9.655293726869475,11,7483,92.19317397557896,EUR,84.7753876970286,27.938977531641633,111.82846049737955,175.00577022703388,Maersk,172.21467763245096,37409.1365974346,60 Days,8731,43.07114934144946,23,9.784732022945311,15121.666450410268,None,Good,Holder2,5073,2023-07-13
XYZ Ltd,USA,NA,1074,2023-03-16,2074,3074,2023-04-16,3,4074,2023-05-14,2023-06-14,FOB,Strand,41,6x19,Galvanized,FC,RHOL,Yes,1113,1.4809443557977828,2.4220221017756955,1287,5.742680961662266,14,3926,62.54761163569209,EUR,72.00450979925591,87.39888178813905,133.50797407965254,74.68881851530871,Maersk,343.2931458691225,77403.24958352456,30 Days,4748,47.29677807460401,1067,11.458468899734168,5582.235728013327,Tape,Average,Holder1,5074,2023-07-14
Prime Metals,UAE,APAC,1075,2023-03-17,2075,3075,2023-04-17,5,4075,2023-05-15,2023-06-15,CIF,Cable,46,6x19,Galvanized,IWRC,RHOL,No,1063,0.9098592462583749,1.6115704113573006,833,2.170439955026478,16,8312,81.74662305767733,USD,81.53773244828432,48.8891149540295,357.552227459796,65.89597424135454,Maersk,122.19793450194744,75142.13115122155,60 Days,2942,50.66730687504464,2765,1.6440379435452646,4586.079031553752,Tape,High Demand,Holder1,5075,2023-07-15
XYZ Ltd,India,APAC,1076,2023-03-18,2076,3076,2023-04-18,5,4076,2023-05-16,2023-06-16,CIF,Strand,17,6x19,Ungalvanized,IWRC,LHOL,Yes,1217,0.8303804808833811,4.817224503578729,1251,9.209844498076809,15,7818,34.416047355693834,EUR,80.45785003205583,79.26783371665032,201.79002060560873,125.7524241683989,Maersk,160.0510973137218,94331.57150726668,60 Days,3419,68.84879086655735,2346,14.290942302939818,8140.359991069904,Lubricated,Good,Holder1,5076,2023-07-16
ABC Corp,UAE,NA,1077,2023-03-19,2077,3077,2023-04-19,5,4077,2023-05-17,2023-06-17,CIF,Cable,25,6x19,Ungalvanized,IWRC,LHOL,No,1885,1.241881648626638,1.7796768600410098,745,7.12786794043952,15,7414,48.937377408719094,EUR,81.20796459052899,19.86867822097588,367.70246813009095,87.19463629908783,DHL,393.05810956037897,74579.43837901243,Advance,5237,10.89741890670453,1233,15.465230725748386,1112.8055191963617,None,High Demand,Holder2,5077,2023-07-17
Global Steel,USA,APAC,1078,2023-03-20,2078,3078,2023-04-20,3,4078,2023-05-18,2023-06-18,FOB,Strand,25,6x19,Ungalvanized,IWRC,RHOL,Yes,1240,1.0793331651153415,2.570310581272875,1961,1.9096157405051501,9,7281,56.76606237029049,USD,77.24205861084259,98.61410928897058,446.3716643120401,184.34789432052105,Maersk,289.93582405737686,97962.75730312619,60 Days,8355,67.68013695036761,1602,22.170390265491065,15453.51262113668,Tape,Good,Holder1,5078,2023-07-18
Prime Metals,Germany,APAC,1079,2023-03-21,2079,3079,2023-04-21,3,4079,2023-05-19,2023-06-19,CIF,Strand,33,6x36,Ungalvanized,IWRC,LHOL,No,1073,1.07028117929552,3.3577547001953434,1894,2.420409530491262,8,3887,87.10753468024957,USD,88.05522896753725,58.87792425027904,457.8739941210147,141.70502259450882,DHL,262.78761351196783,87969.90661359673,60 Days,8610,41.66488928241501,909,0.12499592980136809,2494.1633904783753,Lubricated,Good,Holder2,5079,2023-07-19
ABC Corp,Germany,EMEA,1080,2023-03-22,2080,3080,2023-04-22,2,4080,2023-05-20,2023-06-20,CIF,Wire Rope,35,6x19,Ungalvanized,IWRC,LHOL,Yes,1561,1.40269488353675,2.2144775372731957,1132,7.919940607179045,18,6034,89.17843514552935,EUR,75.27124771966244,97.50581235041216,303.02080621392327,114.87039705521094,Maersk,217.10199063281715,43059.353847067505,Advance,7593,18.511376196498404,1060,29.40674753189809,12500.147295698562,Lubricated,Average,Holder2,5080,2023-07-20
XYZ Ltd,UAE,EMEA,1081,2023-03-23,2081,3081,2023-04-23,3,4081,2023-05-21,2023-06-21,FOB,Strand,29,6x36,Galvanized,IWRC,RHOL,No,1971,1.058557664701816,3.6933697965278274,1168,4.037032861153496,2,1036,15.535945167188425,USD,89.05095782063431,79.13399896874404,363.3442428592798,65.82580044404772,DHL,466.38358075996706,36043.55270494476,30 Days,5987,57.981749247933784,2432,17.57011513751232,10497.677876125352,Lubricated,Good,Holder1,5081,2023-07-21
ABC Corp,UAE,NA,1082,2023-03-24,2082,3082,2023-04-24,2,4082,2023-05-22,2023-06-22,FOB,Cable,15,6x36,Galvanized,FC,LHOL,Yes,1394,1.171847731267631,1.8294862848926887,1429,2.0737624099237495,17,6653,45.704106835856145,USD,82.91033472842582,42.80605679609914,106.94677657190485,79.28699988720301,Maersk,202.45222361117283,60194.39096869524,60 Days,6651,21.94441008951496,891,7.285496770470447,19652.45007602983,Lubricated,Good,Holder1,5082,2023-07-22
ABC Corp,India,APAC,1083,2023-03-25,2083,3083,2023-04-25,2,4083,2023-05-23,2023-06-23,CIF,Cable,28,6x36,Ungalvanized,FC,RHOL,No,1746,0.9207239229704842,4.082315761136156,1635,5.8860168811955,10,6683,52.401228854819486,USD,87.85059752420867,79.63170514209195,434.23777549063516,90.25487130332831,DHL,130.0859897211121,10608.07190945075,60 Days,5404,53.17978877256175,1222,14.374929876456484,18443.158428454808,Lubricated,Good,Holder2,5083,2023-07-23
Global Steel,UAE,NA,1084,2023-03-26,2084,3084,2023-04-26,3,4084,2023-05-24,2023-06-24,CIF,Cable,10,6x19,Ungalvanized,IWRC,LHOL,Yes,1204,1.1818743333477342,2.4774618883470674,1586,8.702960456514457,5,6433,36.754972450864365,USD,71.62862241740964,54.21888418568435,318.34015712462485,164.61484748951509,DHL,435.6588736722962,39075.698066940444,Advance,2534,47.34931468416417,1934,7.119804995974332,10006.774332476865,Lubricated,Average,Holder1,5084,2023-07-24
XYZ Ltd,India,APAC,1085,2023-03-27,2085,3085,2023-04-27,3,4085,2023-05-25,2023-06-25,FOB,Strand,28,6x19,Galvanized,IWRC,LHOL,Yes,1637,1.1031039017455258,2.2488896409238417,1292,5.014810894166045,17,3304,38.288996329311004,EUR,87.55839267048154,69.95764834002267,291.7181774110742,178.5504528580311,Maersk,214.8560045673878,28230.454457502376,30 Days,1146,47.45852753363189,467,12.508307554187422,12286.676114035265,Lubricated,High Demand,Holder2,5085,2023-07-25
Prime Metals,USA,EMEA,1086,2023-03-28,2086,3086,2023-04-28,5,4086,2023-05-26,2023-06-26,CIF,Wire Rope,31,6x19,Galvanized,IWRC,LHOL,Yes,1313,1.172037976859166,3.3538417727579772,1667,2.891828389758386,6,9299,79.53072707616286,EUR,80.20424828124851,51.38529077959806,251.7634855092446,188.44549468327241,Maersk,157.76610109374954,35554.12989313944,Advance,639,47.86269818593318,1843,29.727020116873696,11920.237605165341,Tape,Average,Holder1,5086,2023-07-26
Global Steel,Germany,APAC,1087,2023-03-29,2087,3087,2023-04-29,8,4087,2023-05-27,2023-06-27,CIF,Wire Rope,46,6x19,Ungalvanized,FC,RHOL,Yes,1301,0.8292573419796658,3.29238151509042,986,3.7384226916725494,8,4009,96.9774306516211,USD,76.88112977103076,48.12358847274552,352.86947720123055,156.8595587907239,DHL,334.5920929314689,68016.34576290035,30 Days,7250,57.849401851114095,688,29.59100390027747,19036.971386938865,Tape,High Demand,Holder1,5087,2023-07-27
ABC Corp,India,EMEA,1088,2023-03-30,2088,3088,2023-04-30,9,4088,2023-05-28,2023-06-28,FOB,Cable,27,6x19,Ungalvanized,FC,LHOL,No,1630,1.370820365080541,2.0070953228673436,626,2.0923239459807537,1,1821,98.95707233983552,USD,83.07612755932954,79.93866047413611,132.83229485963773,59.80021218913375,Maersk,102.81849188313342,12466.312880112846,60 Days,8110,26.31785561812172,2495,12.722804331641246,4487.169484644697,None,Average,Holder1,5088,2023-07-28
ABC Corp,UAE,NA,1089,2023-03-31,2089,3089,2023-05-01,9,4089,2023-05-29,2023-06-29,FOB,Cable,17,6x19,Ungalvanized,IWRC,RHOL,No,1531,1.1103416178182954,4.407365863006262,841,3.9141116822384836,15,4404,48.38924625198616,EUR,72.09000648655332,75.13762706485744,171.06208219509324,160.0920359895744,Maersk,224.34872002967361,23332.222835579898,60 Days,4104,28.006594709418074,695,13.358776081730735,15034.221419620862,None,High Demand,Holder2,5089,2023-07-29
Prime Metals,India,NA,1090,2023-04-01,2090,3090,2023-05-02,1,4090,2023-05-30,2023-06-30,CIF,Wire Rope,14,6x19,Galvanized,IWRC,RHOL,Yes,1460,1.0105276199257984,2.1101406688355047,1838,2.77416687007187,9,7610,66.89507930760129,EUR,82.15224377487216,49.959516675956706,407.2385058863591,106.46284187225633,DHL,152.22935685511248,84179.18346503697,60 Days,1991,65.30876550169317,2821,23.75246862393731,14002.470769527466,Lubricated,High Demand,Holder1,5090,2023-07-30
Global Steel,Germany,NA,1091,2023-04-02,2091,3091,2023-05-03,2,4091,2023-05-31,2023-07-01,FOB,Wire Rope,13,6x19,Galvanized,IWRC,LHOL,Yes,1783,1.210818054160399,1.6391831046181458,949,4.837779067653632,3,9060,58.72765249059098,EUR,87.27441613117063,75.90364646260892,288.329606246342,138.47148095612351,DHL,250.60111743991257,44655.17545052358,60 Days,5447,86.02661212390912,1002,10.100757073754384,15612.443837470639,Tape,Average,Holder1,5091,2023-07-31
ABC Corp,UAE,APAC,1092,2023-04-03,2092,3092,2023-05-04,8,4092,2023-06-01,2023-07-02,CIF,Cable,46,6x36,Galvanized,IWRC,RHOL,No,1395,1.2457777186908492,3.968825929097272,847,8.382942213095728,15,3946,60.06087871996859,EUR,83.2987206928228,74.578486997221,247.6678939878357,52.07944436584273,DHL,141.37213455491477,41675.18455816867,30 Days,1225,42.71070626670455,2246,0.6489281681934189,15325.998798168217,None,High Demand,Holder2,5092,2023-08-01
XYZ Ltd,Germany,NA,1093,2023-04-04,2093,3093,2023-05-05,9,4093,2023-06-02,2023-07-03,CIF,Wire Rope,25,6x19,Ungalvanized,FC,RHOL,No,1469,1.2296921441250617,3.940756187560837,501,7.14834390823556,12,1557,12.982800460853543,EUR,70.38458370462789,47.556226649568615,217.90770760448046,129.4695696518645,Maersk,262.13414956508467,14020.874681300225,30 Days,1752,30.453550068796915,1818,4.862086845626168,19309.461950783323,None,Good,Holder1,5093,2023-08-02
ABC Corp,Germany,APAC,1094,2023-04-05,2094,3094,2023-05-06,2,4094,2023-06-03,2023-07-04,CIF,Cable,26,6x36,Galvanized,FC,RHOL,No,1119,1.0875472349740534,2.0206165516797423,1827,1.5546656290286487,15,4746,74.08786825293645,USD,84.19155520449229,59.579425513790774,138.12334814978712,113.45200909312514,Maersk,289.79498644421363,31901.747895975874,Advance,4300,40.78307744015609,80,26.43550658089056,16212.045691529602,None,Good,Holder1,5094,2023-08-03
XYZ Ltd,Germany,NA,1095,2023-04-06,2095,3095,2023-05-07,1,4095,2023-06-04,2023-07-05,FOB,Wire Rope,18,6x36,Ungalvanized,IWRC,LHOL,No,1382,1.0830726378387303,3.4377358631557873,1938,9.534116915303892,8,4798,19.009840652901897,EUR,84.94814599326561,23.472502712167454,473.45767117373435,98.8092245622864,DHL,343.3986132070203,85633.93538251653,30 Days,8610,18.623585445937316,2456,10.325125364974427,11378.836984589763,None,Good,Holder2,5095,2023-08-04
Prime Metals,India,APAC,1096,2023-04-07,2096,3096,2023-05-08,2,4096,2023-06-05,2023-07-06,CIF,Strand,34,6x36,Ungalvanized,FC,RHOL,No,1944,0.8678275654267057,2.6592437953198416,1757,5.577346459303086,14,6549,15.992866203733387,USD,83.3158150138967,91.17480725103039,342.4005360707623,124.6727481354365,DHL,289.22251230821905,40063.582702520216,30 Days,7258,86.6966241955277,2395,3.758926956816264,16351.882654302293,None,Good,Holder1,5096,2023-08-05
Prime Metals,UAE,EMEA,1097,2023-04-08,2097,3097,2023-05-09,7,4097,2023-06-06,2023-07-07,FOB,Cable,46,6x19,Ungalvanized,FC,RHOL,Yes,1619,1.2605264804114606,4.483528535203394,693,5.942672163549705,8,9740,87.3008218805461,USD,71.67230619149778,82.07826941571665,274.33662957178274,138.421863441516,Maersk,393.6114324938782,63802.47157046713,Advance,4752,26.33613664014963,2549,3.7341958993931526,19143.246012440875,None,Average,Holder1,5097,2023-08-06
Global Steel,UAE,EMEA,1098,2023-04-09,2098,3098,2023-05-10,2,4098,2023-06-07,2023-07-08,FOB,Cable,12,6x36,Ungalvanized,FC,LHOL,Yes,1085,1.4650532405243206,3.044620972327332,1403,7.57615659045995,19,3537,33.38721288610854,EUR,77.22906019754336,95.84306989041387,368.9296738191158,121.57943315449488,Maersk,111.71265284158447,15405.86742101992,Advance,6928,47.98500350925356,1724,28.42816628819229,2713.570983392452,Tape,Average,Holder2,5098,2023-08-07
XYZ Ltd,India,APAC,1099,2023-04-10,2099,3099,2023-05-11,1,4099,2023-06-08,2023-07-09,FOB,Wire Rope,30,6x19,Galvanized,IWRC,LHOL,No,1918,1.0476889903043554,1.9410566563921265,1616,8.881372937927916,16,4602,46.51685020411045,EUR,83.0535381166883,19.36396722251073,441.60728583574644,72.42802984818991,DHL,263.2466955920859,85276.09850343788,30 Days,1309,43.73574084634585,1058,2.3909598932971745,12284.885258856062,Tape,High Demand,Holder1,5099,2023-08-08
Prime Metals,Germany,NA,1100,2023-04-11,2100,3100,2023-05-12,4,4100,2023-06-09,2023-07-10,FOB,Wire Rope,38,6x19,Galvanized,FC,LHOL,Yes,1944,1.0850691963636225,1.3297057449206786,980,3.0902069026542645,4,1028,87.00034424036564,EUR,78.7068486179902,88.26163856328921,137.94076167475112,156.6911606154046,DHL,262.6338757519944,93093.11826864546,60 Days,4186,87.13513298692351,1776,28.841900018598835,3520.7151823706786,None,Good,Holder2,5100,2023-08-09
Global Steel,UAE,APAC,1101,2023-04-12,2101,3101,2023-05-13,3,4101,2023-06-10,2023-07-11,FOB,Cable,33,6x36,Ungalvanized,IWRC,RHOL,No,1723,0.9043339169602055,1.6423890825716634,1266,4.604562822250577,2,1445,58.325345370449426,EUR,81.26739975174027,60.22230179351556,406.0627067976945,162.64000016895756,DHL,435.256657491485,51680.44569345864,30 Days,8652,32.34641060186782,785,12.689012379537964,3098.113687112643,Tape,Average,Holder2,5101,2023-08-10
Prime Metals,USA,EMEA,1102,2023-04-13,2102,3102,2023-05-14,5,4102,2023-06-11,2023-07-12,FOB,Cable,39,6x19,Galvanized,FC,LHOL,No,1778,1.0396159087125416,1.2232641587035746,833,7.927668460750011,8,7395,63.96050887606681,EUR,86.44588883329268,39.03121523116819,372.9225174989464,144.43170864389322,DHL,404.66584865325626,71567.13302549356,60 Days,504,37.38671512877881,1246,12.0713133925306,7202.511010081732,Lubricated,High Demand,Holder1,5102,2023-08-11
ABC Corp,USA,NA,1103,2023-04-14,2103,3103,2023-05-15,4,4103,2023-06-12,2023-07-13,FOB,Wire Rope,49,6x19,Ungalvanized,FC,LHOL,No,1862,0.9392430616923049,3.3893348524110833,1561,2.6201743015892403,9,2140,40.41461055685379,EUR,89.35472076825083,59.84210222085091,342.8615738577691,95.25560385027671,Maersk,450.32586608381314,54758.7945821849,Advance,3653,87.90626696160145,733,7.986733894316298,1262.1412279730496,None,Good,Holder2,5103,2023-08-12
Global Steel,USA,EMEA,1104,2023-04-15,2104,3104,2023-05-16,2,4104,2023-06-13,2023-07-14,CIF,Cable,17,6x19,Ungalvanized,FC,LHOL,Yes,1443,1.4563863673008846,1.5350570174053488,1861,4.6229038552081505,11,1033,55.47839292561282,USD,76.15611127465856,14.0386500189883,271.6144032493837,67.06870602397832,Maersk,183.24450669357321,78004.69373815431,Advance,5965,19.105194287931603,541,9.897530999425209,3875.821007745678,Tape,Average,Holder1,5104,2023-08-13
ABC Corp,UAE,EMEA,1105,2023-04-16,2105,3105,2023-05-17,8,4105,2023-06-14,2023-07-15,CIF,Wire Rope,23,6x36,Galvanized,FC,LHOL,No,1082,1.1979646140792075,3.8254033989378478,564,3.6618937583765065,19,8650,59.95071281681508,USD,88.43713290665863,48.7932146289978,447.55752124078185,50.91105089356287,DHL,258.13767262399904,61774.09723060562,60 Days,7361,9.582305859412152,730,27.210053873780463,10984.942185249463,Tape,Average,Holder1,5105,2023-08-14
Global Steel,India,EMEA,1106,2023-04-17,2106,3106,2023-05-18,2,4106,2023-06-15,2023-07-16,CIF,Strand,41,6x19,Ungalvanized,FC,LHOL,Yes,1575,1.1520318128846732,1.5613938365721354,739,1.5639311163770941,13,7380,97.66932185787581,USD,82.53421915642673,68.57908546555299,367.19853047846385,106.32042025838902,DHL,450.71549810989455,77135.18470876043,Advance,6920,78.09094574859265,1749,16.286018333777236,5212.026224440868,Lubricated,Average,Holder1,5106,2023-08-15
Prime Metals,India,EMEA,1107,2023-04-18,2107,3107,2023-05-19,3,4107,2023-06-16,2023-07-17,FOB,Wire Rope,13,6x19,Ungalvanized,IWRC,RHOL,Yes,1294,0.9264963932291482,4.999467694660545,1104,1.3044782591722672,3,6423,99.44432461738609,EUR,88.89603196802625,13.049716174920917,329.47286798698974,185.50860527707238,Maersk,324.0103616265318,25651.063545962556,Advance,4560,80.87758089338443,2317,9.712021684385347,15423.830167831167,Lubricated,High Demand,Holder1,5107,2023-08-16
ABC Corp,Germany,NA,1108,2023-04-19,2108,3108,2023-05-20,5,4108,2023-06-17,2023-07-18,FOB,Strand,37,6x36,Galvanized,FC,LHOL,Yes,1530,0.9647914127422397,4.180209407796461,1813,2.3629955546238812,15,7061,94.78984257115019,USD,78.64457451716984,99.577305728354,479.82543912924586,189.08539432225805,Maersk,499.84226674014883,81446.18819987736,60 Days,5343,25.004014933385655,397,8.223279358164362,6532.867586077774,None,Average,Holder1,5108,2023-08-17
ABC Corp,Germany,NA,1109,2023-04-20,2109,3109,2023-05-21,7,4109,2023-06-18,2023-07-19,FOB,Cable,12,6x19,Galvanized,FC,LHOL,Yes,1401,1.0395198338450768,3.8808871246519154,645,2.213117594200571,3,4334,51.013926645896696,USD,82.55435429612967,48.0197213399893,158.57207587952473,89.08780743752962,DHL,287.44690358334464,92874.84514686784,30 Days,6413,67.41257087404958,500,21.429988565978544,19422.15896782011,Tape,Average,Holder2,5109,2023-08-18
ABC Corp,USA,APAC,1110,2023-04-21,2110,3110,2023-05-22,4,4110,2023-06-19,2023-07-20,CIF,Strand,45,6x19,Galvanized,IWRC,RHOL,No,1557,1.4870189553657371,4.494953323946641,880,5.244871543282363,17,2960,87.43570200377904,EUR,73.00445356181572,24.749591997185764,201.44464184043164,88.04619759911458,DHL,267.08275728120566,57897.40906715331,Advance,7950,81.41424154762487,823,16.860818348484507,3381.1234880227084,Tape,Good,Holder2,5110,2023-08-19
ABC Corp,India,NA,1111,2023-04-22,2111,3111,2023-05-23,3,4111,2023-06-20,2023-07-21,CIF,Wire Rope,44,6x19,Galvanized,FC,LHOL,Yes,1167,1.2757431084932827,1.0601281718958777,634,3.4751575050128016,18,2522,57.98177335933536,EUR,81.81393474162682,97.8322279430866,426.0681845886581,58.08151655228188,DHL,325.32033761802103,23447.390252947822,Advance,7275,82.84514882794087,1028,23.67477822917681,18926.65366979436,Tape,Good,Holder2,5111,2023-08-20
ABC Corp,USA,NA,1112,2023-04-23,2112,3112,2023-05-24,4,4112,2023-06-21,2023-07-22,CIF,Wire Rope,30,6x19,Ungalvanized,IWRC,RHOL,No,1769,1.16099581468603,1.0752872779584473,1580,2.1822571114310385,19,6117,75.77281041011342,EUR,82.38489267678338,87.64385863320264,357.7542643560927,79.0391814256686,DHL,110.15440492491399,95165.24107411117,30 Days,8791,7.6694449231897845,1740,28.23918377135612,10561.994681308479,Tape,High Demand,Holder2,5112,2023-08-21
XYZ Ltd,Germany,EMEA,1113,2023-04-24,2113,3113,2023-05-25,9,4113,2023-06-22,2023-07-23,FOB,Wire Rope,34,6x19,Ungalvanized,IWRC,LHOL,Yes,1475,1.2807380339192163,1.972491381230864,631,2.2549638154662652,15,8587,84.31365198664182,USD,79.63675145010652,76.1521464663253,442.5127380483775,61.38456567923806,DHL,480.2114327674812,74045.44324190763,30 Days,1586,25.136857627726677,855,21.610661196934945,4128.114264963508,None,Average,Holder1,5113,2023-08-22
Global Steel,USA,APAC,1114,2023-04-25,2114,3114,2023-05-26,6,4114,2023-06-23,2023-07-24,FOB,Strand,14,6x19,Galvanized,IWRC,LHOL,Yes,1127,1.224601221074808,3.6414464277022116,1460,2.2289111502415695,19,4009,51.8860394607862,USD,76.06518372129081,94.1793655586884,145.01666547807474,64.72441340793188,Maersk,433.1108559373174,28080.048616927674,60 Days,3132,28.84497193968001,480,9.536353690510785,13837.995340156964,Lubricated,Good,Holder1,5114,2023-08-23
Prime Metals,India,EMEA,1115,2023-04-26,2115,3115,2023-05-27,2,4115,2023-06-24,2023-07-25,CIF,Wire Rope,26,6x36,Ungalvanized,IWRC,LHOL,No,1995,0.9262284953227825,2.736985538217964,762,8.208989504764705,7,3399,35.144007063468756,USD,73.0117410892917,46.559184603005576,252.32765667708907,68.17934015181245,DHL,394.8085070251098,18465.395256684045,30 Days,857,26.880685438183008,2317,20.756084442412956,10509.259960980158,None,High Demand,Holder1,5115,2023-08-24
ABC Corp,Germany,EMEA,1116,2023-04-27,2116,3116,2023-05-28,3,4116,2023-06-25,2023-07-26,FOB,Strand,39,6x36,Ungalvanized,FC,RHOL,Yes,1876,1.3657293668999029,4.765461071518203,1388,4.481571656556733,11,2710,65.15676916899706,USD,82.19872662442987,47.806636412473104,237.2272993726472,106.33942394579775,DHL,145.4673355061687,33119.937874235104,30 Days,8547,57.57185232502835,67,17.851859389706473,6463.340584546965,Tape,Average,Holder2,5116,2023-08-25
Global Steel,Germany,APAC,1117,2023-04-28,2117,3117,2023-05-29,3,4117,2023-06-26,2023-07-27,FOB,Cable,39,6x36,Galvanized,FC,RHOL,Yes,1357,1.1248058724195453,3.6448188252569387,1314,1.8893616545090148,6,1244,97.55986411040531,USD,88.56236800574878,17.178156621477697,200.52794735378913,173.8898595013734,DHL,347.0467787683857,88791.04944501833,60 Days,6345,54.1302512563738,1208,24.656534835600304,14080.793019701532,Tape,Good,Holder1,5117,2023-08-26
ABC Corp,USA,EMEA,1118,2023-04-29,2118,3118,2023-05-30,1,4118,2023-06-27,2023-07-28,FOB,Wire Rope,37,6x19,Ungalvanized,FC,LHOL,No,1909,1.1001492781898947,2.502877399789675,1673,2.65184023664733,4,5623,53.554471904750926,EUR,84.27083227004898,75.63550513474624,366.6480234221647,158.22513543349137,Maersk,443.0348842200506,45563.30565294493,30 Days,7798,38.29079064895937,2881,27.79583018194708,10770.729046913564,Tape,High Demand,Holder2,5118,2023-08-27
ABC Corp,India,NA,1119,2023-04-30,2119,3119,2023-05-31,9,4119,2023-06-28,2023-07-29,FOB,Strand,15,6x36,Galvanized,IWRC,RHOL,No,1717,1.2364099622594455,2.2299821468825196,1202,6.845491584828295,4,9843,72.33888184920924,USD,72.07950213879528,98.8402938529584,289.6585484180732,164.35121185944394,Maersk,257.5581638831251,23278.63389616186,30 Days,3326,61.71005458862828,1494,6.557977014588063,2307.562006504959,Tape,High Demand,Holder2,5119,2023-08-28
ABC Corp,India,NA,1120,2023-05-01,2120,3120,2023-06-01,6,4120,2023-06-29,2023-07-30,FOB,Cable,33,6x36,Galvanized,FC,RHOL,No,1223,0.9956532486862172,4.016392414373369,985,4.350136413240728,6,2190,15.46613523151838,USD,83.06900896334362,21.2176155350012,270.0881378466297,145.00184535347748,Maersk,162.44330899083562,49617.42249468882,Advance,6943,17.326914090650323,1394,19.596788331234002,16748.63220846408,Lubricated,Average,Holder1,5120,2023-08-29
Prime Metals,Germany,EMEA,1121,2023-05-02,2121,3121,2023-06-02,7,4121,2023-06-30,2023-07-31,CIF,Strand,29,6x36,Ungalvanized,FC,LHOL,Yes,1029,1.3811534484332724,4.406576555188078,973,2.1809302502741192,19,3215,38.78953930587806,USD,72.16341187410003,50.44504978003522,282.62180276592784,178.32918066964095,DHL,366.0830651046862,15527.093571533918,30 Days,4285,53.89222626294151,1369,11.328816090886594,9538.915832159024,Tape,Average,Holder1,5121,2023-08-30
Global Steel,Germany,EMEA,1122,2023-05-03,2122,3122,2023-06-03,7,4122,2023-07-01,2023-08-01,CIF,Strand,44,6x19,Galvanized,IWRC,RHOL,Yes,1745,1.3924086330815841,4.072364981007736,1625,7.492226546642617,16,1986,44.10772003958849,USD,77.04536107076792,37.0585549867491,160.66557555603097,147.71808531017723,Maersk,235.14798305260481,20560.690851478183,30 Days,1598,66.70181291391572,2804,10.37273432687204,3912.653380197772,None,Good,Holder1,5122,2023-08-31
ABC Corp,Germany,APAC,1123,2023-05-04,2123,3123,2023-06-04,1,4123,2023-07-02,2023-08-02,CIF,Wire Rope,49,6x36,Ungalvanized,FC,LHOL,Yes,1046,1.2772106238970642,2.890661165245949,943,3.1421029019516213,19,5488,31.853229142196636,EUR,80.53543385916281,16.605179137806445,426.5639926882716,124.68870167022956,DHL,273.12314978971045,99665.91201232684,30 Days,5777,13.089653816540599,1090,0.5740150768431473,14567.445510532894,Tape,Average,Holder1,5123,2023-09-01
XYZ Ltd,USA,APAC,1124,2023-05-05,2124,3124,2023-06-05,7,4124,2023-07-03,2023-08-03,FOB,Cable,42,6x19,Ungalvanized,IWRC,LHOL,No,1577,1.1844589077919292,4.965536520561127,1153,7.565088286218189,16,2524,27.155408739300633,EUR,74.82485474052068,97.98974174871802,378.16508938711064,116.73228450527236,DHL,345.9651378846737,65191.31680238299,Advance,8059,66.73986595745185,1460,7.192795338001911,16436.495605209086,Tape,Good,Holder2,5124,2023-09-02
Global Steel,India,NA,1125,2023-05-06,2125,3125,2023-06-06,3,4125,2023-07-04,2023-08-04,FOB,Wire Rope,18,6x19,Galvanized,IWRC,LHOL,No,1919,0.97078460303647,3.105094378073964,1242,6.513834424003748,5,9105,14.652187267218082,USD,79.77145898391116,94.08288198087416,261.2003896638565,90.15308172651768,DHL,490.7742456218384,51436.88423749335,30 Days,3506,20.93987056382683,1990,9.030152509306571,3886.113967738633,Tape,Good,Holder2,5125,2023-09-03
Global Steel,UAE,APAC,1126,2023-05-07,2126,3126,2023-06-07,9,4126,2023-07-05,2023-08-05,FOB,Wire Rope,46,6x36,Ungalvanized,IWRC,RHOL,No,1430,1.4758464298780818,2.8685825425881832,870,2.1615457359453734,2,1388,40.780905155894786,USD,76.45952700988744,19.057063723691904,475.0155551556394,94.213584613155,Maersk,438.0587150900424,63487.49848976609,30 Days,8788,47.77746871019531,1921,19.92427213544387,13645.562402739115,None,Average,Holder1,5126,2023-09-04
Prime Metals,Germany,NA,1127,2023-05-08,2127,3127,2023-06-08,5,4127,2023-07-06,2023-08-06,FOB,Strand,45,6x36,Galvanized,FC,LHOL,No,1467,1.0420627986230035,1.1672882882430269,1683,5.495229724176212,8,6793,35.56456509654642,USD,80.76224794878699,76.69489357463402,167.7967603459928,74.85930752587325,DHL,302.42828698374757,83658.96491807695,Advance,7351,61.15554256886819,293,21.41158763226984,3481.7968508270314,Tape,Good,Holder2,5127,2023-09-05
Global Steel,UAE,NA,1128,2023-05-09,2128,3128,2023-06-09,7,4128,2023-07-07,2023-08-07,FOB,Strand,46,6x19,Galvanized,FC,RHOL,Yes,1338,0.809154999703883,4.5515893655523705,1974,3.9376521466714762,2,8410,96.87310372796492,USD,84.64259181870189,63.036681202476665,325.5600389503154,88.00206018467739,Maersk,474.57543214914193,66927.1732102767,60 Days,3057,16.928387642347246,1414,18.34401557196633,3141.9158500645353,None,Good,Holder1,5128,2023-09-06
Global Steel,Germany,NA,1129,2023-05-10,2129,3129,2023-06-10,8,4129,2023-07-08,2023-08-08,FOB,Strand,31,6x36,Galvanized,FC,RHOL,Yes,1279,0.8558322889745573,1.184703502058972,1011,9.425843474155961,2,1092,31.64194872636954,USD,84.17202288263235,13.34016262253057,130.21972013881444,54.13674825388162,Maersk,271.9436661360975,55657.703706280154,Advance,2151,27.41078388773461,2870,6.339540239397196,13511.30259898714,Lubricated,Average,Holder2,5129,2023-09-07
XYZ Ltd,UAE,NA,1130,2023-05-11,2130,3130,2023-06-11,1,4130,2023-07-09,2023-08-09,FOB,Strand,34,6x36,Ungalvanized,IWRC,RHOL,Yes,1161,0.9401672199869072,1.7010263583756808,1933,9.329336210799951,19,4700,52.97464887070941,USD,80.88275379753175,88.7444792801636,388.09099917339415,111.74060908335287,DHL,314.17675426196706,31937.98641307754,30 Days,8987,33.559774724428,1700,23.686417096368352,3704.4937020865364,Lubricated,Average,Holder2,5130,2023-09-08
XYZ Ltd,India,EMEA,1131,2023-05-12,2131,3131,2023-06-12,4,4131,2023-07-10,2023-08-10,CIF,Strand,30,6x36,Ungalvanized,IWRC,RHOL,Yes,1895,1.067679442400091,1.2279199284640407,1252,8.582182642370661,8,5359,95.6032506227238,EUR,88.86083765552578,74.90565161695514,348.16290609152,73.20396953434226,DHL,132.21920617402162,96328.57853384926,Advance,1520,13.367271877675956,2252,13.290965734186525,8718.50848315793,Tape,Good,Holder1,5131,2023-09-09
Global Steel,UAE,EMEA,1132,2023-05-13,2132,3132,2023-06-13,3,4132,2023-07-11,2023-08-11,FOB,Cable,42,6x36,Ungalvanized,IWRC,LHOL,Yes,1105,1.0053869339362524,1.8705460887055074,1370,1.1815939138469411,3,3785,39.70164256068233,EUR,88.04361339396401,55.357492935892665,426.1319413512306,177.71346415789264,DHL,160.62579473138427,18045.190710176146,30 Days,6765,12.079438739555545,290,13.068344738395853,7063.831072239453,Lubricated,Average,Holder1,5132,2023-09-10
Prime Metals,Germany,EMEA,1133,2023-05-14,2133,3133,2023-06-14,5,4133,2023-07-12,2023-08-12,CIF,Cable,32,6x19,Galvanized,FC,LHOL,Yes,1908,1.2162409370041118,4.79254591577471,1919,9.023949282369296,12,9100,43.39893619237079,EUR,84.38169198829983,32.91440048819051,206.40607268713947,143.29088681223743,Maersk,323.00023537501767,95229.94901882547,60 Days,3738,31.29366490562715,826,14.748231567169235,7949.408881724268,Lubricated,Good,Holder1,5133,2023-09-11
XYZ Ltd,UAE,NA,1134,2023-05-15,2134,3134,2023-06-15,2,4134,2023-07-13,2023-08-13,FOB,Strand,29,6x19,Galvanized,FC,RHOL,No,1166,1.456677667885995,3.494532466335141,1923,4.965702171312548,11,4862,97.66878842660905,USD,87.47391001216583,98.69947877637024,407.4227955853328,80.5919799176812,Maersk,488.3637560876807,59639.932262485614,30 Days,863,11.485707141542628,802,27.27634028949737,7050.431443338626,None,Average,Holder2,5134,2023-09-12
XYZ Ltd,Germany,APAC,1135,2023-05-16,2135,3135,2023-06-16,5,4135,2023-07-14,2023-08-14,FOB,Strand,31,6x19,Galvanized,FC,LHOL,Yes,1742,1.3547939573831171,1.1490642230600217,850,2.9324664759035732,14,1710,67.65757156720349,EUR,73.20617949701087,53.75540623319671,462.2161497305111,103.06248458292345,Maersk,437.8615044539143,90256.85088961433,30 Days,5795,12.217885242067752,1691,18.043342765506015,12331.418016702899,Tape,Average,Holder1,5135,2023-09-13
Prime Metals,India,NA,1136,2023-05-17,2136,3136,2023-06-17,9,4136,2023-07-15,2023-08-15,FOB,Wire Rope,25,6x19,Galvanized,FC,LHOL,Yes,1195,0.8220947791381165,1.4657971017047715,612,1.8648316163956096,2,9118,86.87859847633234,USD,72.73235826258608,27.505260434661377,290.5681869499714,158.956329063057,DHL,188.4289064206314,80670.23006985046,Advance,3919,35.959586677944884,1486,0.2387668898653783,3057.7533185392767,Tape,Good,Holder2,5136,2023-09-14
Global Steel,Germany,EMEA,1137,2023-05-18,2137,3137,2023-06-18,7,4137,2023-07-16,2023-08-16,FOB,Strand,38,6x19,Ungalvanized,IWRC,LHOL,No,1714,0.8527100029002632,1.393506400121891,820,3.472074024827947,18,6693,65.99563153254769,EUR,76.66440480736934,80.9229803617077,477.74818738501426,143.06794272938228,Maersk,129.31082264713396,47678.19804117003,30 Days,5346,76.19821522975667,1756,2.030333266250416,3707.1091117396077,Lubricated,High Demand,Holder1,5137,2023-09-15
ABC Corp,Germany,APAC,1138,2023-05-19,2138,3138,2023-06-19,1,4138,2023-07-17,2023-08-17,CIF,Wire Rope,47,6x19,Galvanized,FC,RHOL,Yes,1164,1.4523077342230981,3.401416055487753,635,8.502411230546683,12,6183,60.68507140336733,EUR,76.51190361247559,84.66779660854645,363.0488554247823,179.35420974004109,Maersk,238.51964999475754,84689.24394168537,30 Days,4885,39.47818591083536,32,11.982623457451037,11218.168572786724,Tape,High Demand,Holder1,5138,2023-09-16
XYZ Ltd,USA,NA,1139,2023-05-20,2139,3139,2023-06-20,9,4139,2023-07-18,2023-08-18,FOB,Wire Rope,24,6x19,Ungalvanized,IWRC,RHOL,No,1338,1.19807445932917,2.4028817675765057,635,7.310736232101774,2,9872,77.91867004663898,USD,75.62836548862843,82.36327207906771,316.5900976541393,53.190505261967864,Maersk,254.39018275356347,84674.77693294239,Advance,5031,39.6846177113147,1292,28.70935962454925,12680.903161684366,Tape,Average,Holder2,5139,2023-09-17
Prime Metals,USA,NA,1140,2023-05-21,2140,3140,2023-06-21,6,4140,2023-07-19,2023-08-19,CIF,Wire Rope,34,6x36,Galvanized,FC,RHOL,No,1972,1.2492222698622173,1.2160419112404695,1587,4.005833290380133,1,3856,64.0821393430356,USD,84.79700157526173,76.83036669264109,180.9969196117837,137.27395196433605,DHL,361.6228931930141,43391.8550784912,60 Days,901,13.61357634272445,2424,29.24636207323043,4150.615087786836,None,High Demand,Holder1,5140,2023-09-18
XYZ Ltd,UAE,APAC,1141,2023-05-22,2141,3141,2023-06-22,2,4141,2023-07-20,2023-08-20,CIF,Wire Rope,14,6x36,Galvanized,IWRC,LHOL,No,1115,0.8779538941107787,3.712699374186236,1243,8.096320780446321,9,2868,36.49144255290575,EUR,83.90899074133662,78.52746959695594,171.04230432676758,59.19410618570814,Maersk,124.57280545886547,30234.092070539995,60 Days,2122,41.02210441277787,2607,4.409592140601003,15875.65548436304,None,Good,Holder1,5141,2023-09-19
Prime Metals,UAE,NA,1142,2023-05-23,2142,3142,2023-06-23,8,4142,2023-07-21,2023-08-21,CIF,Strand,46,6x36,Galvanized,IWRC,RHOL,No,1979,1.3802953202191728,4.394579905302663,677,4.36850449173503,3,2577,22.064498422371013,EUR,89.0589208245149,99.79070362918522,397.492014717999,116.03189018301023,Maersk,277.16329938765875,52709.99615425085,60 Days,4344,34.848545444949536,1770,21.684554569554322,7016.3532991456905,Tape,Good,Holder2,5142,2023-09-20
XYZ Ltd,Germany,APAC,1143,2023-05-24,2143,3143,2023-06-24,6,4143,2023-07-22,2023-08-22,CIF,Cable,18,6x19,Galvanized,FC,LHOL,No,1268,1.418265914284597,1.6988917907858871,582,4.955420652769452,1,3471,12.148917458874045,EUR,71.9848348353446,13.683118559584369,109.39834067679955,190.61481972615871,Maersk,194.88194921562862,20700.20807099227,60 Days,8200,30.69843964312121,457,1.2888667374039697,18560.233874967664,Lubricated,Good,Holder1,5143,2023-09-21
ABC Corp,UAE,EMEA,1144,2023-05-25,2144,3144,2023-06-25,4,4144,2023-07-23,2023-08-23,CIF,Strand,28,6x36,Galvanized,FC,RHOL,No,1727,0.8041300190012135,1.9961391131019561,757,3.062168500789146,5,7403,34.13685797428882,USD,73.46430445367086,64.0595745108433,286.9781739331719,148.73069706934032,DHL,112.92941465421448,84673.06655617185,60 Days,808,75.2239642181605,2370,29.319069288374738,9924.031902001427,Lubricated,Average,Holder1,5144,2023-09-22
ABC Corp,Germany,EMEA,1145,2023-05-26,2145,3145,2023-06-26,8,4145,2023-07-24,2023-08-24,FOB,Strand,23,6x36,Ungalvanized,FC,LHOL,Yes,1705,1.433268284231144,1.5301079022466673,1709,5.920380023235612,9,4528,13.732929154970533,USD,81.3612138408811,59.63820662388325,258.8561929307596,123.84979024723248,Maersk,112.64517203350795,56433.70756601062,Advance,7504,52.96707595969328,308,26.74236829468447,18198.94278255674,None,Average,Holder1,5145,2023-09-23
Global Steel,USA,APAC,1146,2023-05-27,2146,3146,2023-06-27,1,4146,2023-07-25,2023-08-25,FOB,Strand,20,6x19,Galvanized,FC,LHOL,Yes,1490,1.1830010992585096,2.270534728151526,1470,9.488262235576787,3,1153,35.233640420949726,EUR,72.99636710749061,23.301825038142702,253.6802896000911,131.6213247110444,Maersk,136.457133650238,50181.410786352964,Advance,3297,77.96342688392157,412,28.27252159536151,9166.527736943763,Lubricated,Average,Holder1,5146,2023-09-24
ABC Corp,USA,APAC,1147,2023-05-28,2147,3147,2023-06-28,5,4147,2023-07-26,2023-08-26,FOB,Wire Rope,43,6x36,Galvanized,IWRC,LHOL,No,1030,1.2276037051039745,4.142458857067969,1476,5.768623066573077,19,2109,39.54116079538261,EUR,87.5099674899624,40.404393845814454,488.63679991347055,117.45466124802543,DHL,462.1525645695183,48941.61841368295,Advance,8986,54.80816692076572,1255,15.043038480595218,12767.818715567186,Lubricated,Good,Holder1,5147,2023-09-25
XYZ Ltd,India,EMEA,1148,2023-05-29,2148,3148,2023-06-29,4,4148,2023-07-27,2023-08-27,CIF,Strand,46,6x19,Ungalvanized,FC,LHOL,Yes,1198,1.390960944182294,2.5671413253948336,1068,5.8880972751370795,4,4707,82.63111086028901,EUR,79.34187811889787,46.242504276252966,486.0014795928434,106.58078811222113,Maersk,146.56487287805433,47868.36972386344,Advance,5264,59.45388653521867,2531,27.039169258415548,4967.0296063017795,Lubricated,Average,Holder1,5148,2023-09-26
Prime Metals,India,NA,1149,2023-05-30,2149,3149,2023-06-30,3,4149,2023-07-28,2023-08-28,CIF,Wire Rope,17,6x19,Galvanized,IWRC,LHOL,No,1828,1.4024680751003413,1.7230831994815001,1754,4.2114063602513045,6,6429,83.11588578823533,USD,79.59003030040586,96.90109605830663,490.0683349957882,161.06579490603227,Maersk,109.25999395072043,21903.67095681092,60 Days,4369,29.07530526831525,285,29.700994849320306,9526.717440271703,None,High Demand,Holder1,5149,2023-09-27
Prime Metals,Germany,EMEA,1150,2023-05-31,2150,3150,2023-07-01,9,4150,2023-07-29,2023-08-29,CIF,Wire Rope,10,6x19,Galvanized,IWRC,RHOL,Yes,1205,1.4918197029045217,4.6676703780684,795,9.500930344073392,4,3847,73.64131810097308,EUR,87.29513833859397,74.73670275310235,105.46835272357092,109.87025840295439,DHL,149.42008393112852,36504.575684819894,60 Days,8115,39.85925104004097,1507,23.925790749378248,15995.419513443432,Tape,High Demand,Holder1,5150,2023-09-28
XYZ Ltd,USA,EMEA,1151,2023-06-01,2151,3151,2023-07-02,4,4151,2023-07-30,2023-08-30,FOB,Wire Rope,39,6x36,Galvanized,IWRC,LHOL,Yes,1160,1.3919766554648394,1.288759227661862,1889,8.744179957254639,14,9312,62.408116277148636,USD,78.93652724453993,89.54354969809174,182.34827648168232,94.98861557819566,DHL,457.5675330225524,61157.508367962226,60 Days,4172,69.8254149562198,238,0.5498827776623494,4220.011978144987,Lubricated,Average,Holder2,5151,2023-09-29
XYZ Ltd,UAE,APAC,1152,2023-06-02,2152,3152,2023-07-03,4,4152,2023-07-31,2023-08-31,CIF,Cable,17,6x36,Galvanized,FC,RHOL,Yes,1488,1.0819452990361147,1.7114732981722347,1359,3.2589724590775315,12,9233,84.37863584947432,USD,88.89905485300017,91.27386306778912,151.60659705060638,110.1155350662431,Maersk,434.4091958284593,84303.63992112529,60 Days,7711,6.419288295539351,2220,20.433741598181363,3613.8208808909867,None,Good,Holder2,5152,2023-09-30
Prime Metals,UAE,APAC,1153,2023-06-03,2153,3153,2023-07-04,5,4153,2023-08-01,2023-09-01,FOB,Cable,30,6x19,Galvanized,FC,RHOL,Yes,1526,0.8845639776244197,2.9146119504897294,1416,9.303887949351868,6,7988,54.01008732341141,EUR,74.51603032186286,73.0726204743051,155.55650439923684,140.5175599417052,DHL,210.99333544757332,44276.30221941337,Advance,2553,19.130192796400475,2450,26.513511074149843,15849.683255935965,Tape,Average,Holder1,5153,2023-10-01
Global Steel,Germany,EMEA,1154,2023-06-04,2154,3154,2023-07-05,3,4154,2023-08-02,2023-09-02,CIF,Wire Rope,19,6x36,Ungalvanized,IWRC,RHOL,Yes,1465,1.413503744740403,3.19083650279017,661,5.85958536096334,3,9780,21.886066720931687,EUR,74.00370272388577,22.97981437440245,246.0480135695224,79.18611188890569,Maersk,185.75767360578186,97734.9898291717,Advance,7736,66.28717785508951,1566,4.654242002373538,18492.27968210152,Tape,Good,Holder1,5154,2023-10-02
Prime Metals,Germany,APAC,1155,2023-06-05,2155,3155,2023-07-06,3,4155,2023-08-03,2023-09-03,CIF,Wire Rope,27,6x19,Ungalvanized,IWRC,RHOL,Yes,1771,1.3968392716716747,2.4133956840108244,816,9.985011606276574,4,2306,87.93945634452975,EUR,79.64421492680682,78.91376587455547,241.08077682328238,136.2364173932183,Maersk,397.9592644870431,18632.702113176085,60 Days,738,28.201973166017464,2819,27.57042344216853,9568.87077910615,Tape,Good,Holder2,5155,2023-10-03
XYZ Ltd,USA,NA,1156,2023-06-06,2156,3156,2023-07-07,4,4156,2023-08-04,2023-09-04,FOB,Cable,42,6x36,Galvanized,IWRC,LHOL,Yes,1875,1.381073288555326,3.514457772156889,1192,9.283196391427905,17,1001,16.1734431378336,EUR,79.80266604690755,87.6952999756238,391.7052318995988,130.68406606714782,Maersk,478.8525547382748,48874.5443523581,30 Days,3374,13.563324728547947,137,10.646525413770942,3180.4388203153794,Tape,Average,Holder1,5156,2023-10-04
XYZ Ltd,India,NA,1157,2023-06-07,2157,3157,2023-07-08,1,4157,2023-08-05,2023-09-05,FOB,Wire Rope,23,6x36,Galvanized,FC,LHOL,Yes,1249,1.124354446362777,3.1152716913244407,1139,2.269161832919924,2,4182,26.368208313065914,USD,80.17481078979236,59.762217038091414,486.48192644147423,151.5410016333277,Maersk,226.9823582257509,95115.20826976736,Advance,749,18.56601607709619,2960,12.397518484329694,11376.258099504104,Lubricated,High Demand,Holder1,5157,2023-10-05
Global Steel,USA,EMEA,1158,2023-06-08,2158,3158,2023-07-09,3,4158,2023-08-06,2023-09-06,FOB,Strand,10,6x36,Galvanized,IWRC,RHOL,No,1907,1.0515195409111118,4.090413073323518,1877,1.4972774597505825,12,6790,96.12499559350401,USD,89.5381981616199,59.57266112193909,245.50234849892493,112.99897062894158,Maersk,360.75890659061105,73221.33207731726,60 Days,8265,32.08098539052371,1731,1.1350260075687801,13050.51255246675,Tape,Average,Holder1,5158,2023-10-06
ABC Corp,UAE,NA,1159,2023-06-09,2159,3159,2023-07-10,1,4159,2023-08-07,2023-09-07,FOB,Cable,43,6x19,Galvanized,FC,RHOL,No,1516,1.1118812652416021,4.1112132954216705,1596,6.335605154002008,7,8630,35.82315639591589,EUR,82.4669646595698,98.13470519959233,239.08085989304678,59.45005261729177,DHL,482.3445512961013,73829.9282575984,60 Days,4415,8.327837179447963,2720,15.19079079761244,12626.544702014062,Tape,High Demand,Holder2,5159,2023-10-07
Prime Metals,UAE,NA,1160,2023-06-10,2160,3160,2023-07-11,8,4160,2023-08-08,2023-09-08,CIF,Strand,34,6x19,Galvanized,FC,RHOL,Yes,1240,1.3852697018010545,3.590412777830178,835,3.4192540669613325,16,7726,87.05515400712034,USD,75.78006600710518,18.38733053828857,471.26791442412286,109.16286655191038,DHL,329.0346997141088,60078.638383988444,Advance,1119,77.05919949980898,2958,16.551110265671657,7361.127204228389,Lubricated,Average,Holder2,5160,2023-10-08
ABC Corp,UAE,NA,1161,2023-06-11,2161,3161,2023-07-12,1,4161,2023-08-09,2023-09-09,CIF,Cable,36,6x36,Galvanized,IWRC,RHOL,Yes,1654,1.4279301559026125,3.487081329917877,1813,9.748725668080374,9,5700,23.545078796153142,EUR,72.2668128693715,64.11257452044617,139.49200729874306,125.59660886050864,DHL,399.6942706149536,76295.00983536115,30 Days,3967,62.322064310034754,597,20.833622468163696,8289.111172635374,None,Good,Holder1,5161,2023-10-09
ABC Corp,UAE,NA,1162,2023-06-12,2162,3162,2023-07-13,3,4162,2023-08-10,2023-09-10,CIF,Strand,36,6x19,Ungalvanized,IWRC,RHOL,No,1379,1.0947158469349698,3.343813421715782,948,2.10067807957439,19,1691,36.02358919800826,EUR,70.6244976257134,34.938663376901005,289.53910173707243,71.50073234240988,DHL,363.87676454081685,76452.84312799633,30 Days,2407,64.1736571815863,119,11.957914313869697,9008.366622138758,Lubricated,Average,Holder1,5162,2023-10-10
Prime Metals,UAE,EMEA,1163,2023-06-13,2163,3163,2023-07-14,4,4163,2023-08-11,2023-09-11,FOB,Strand,39,6x36,Ungalvanized,IWRC,RHOL,Yes,1750,1.173897156579192,1.8703365127727438,723,2.068285042992434,10,5821,43.482121926645654,USD,71.8207344230378,94.92553516221815,147.64824430315036,151.76133176531368,Maersk,338.03352999659114,50679.97605130749,30 Days,5735,59.03929196075369,1115,7.118477943637702,16679.308607554354,Tape,Average,Holder2,5163,2023-10-11
XYZ Ltd,India,NA,1164,2023-06-14,2164,3164,2023-07-15,2,4164,2023-08-12,2023-09-12,FOB,Cable,29,6x19,Ungalvanized,IWRC,RHOL,No,1863,0.9694869436082012,4.814086702671164,1463,5.408320696022246,17,7941,46.72350232721257,USD,80.83521806250245,27.96576458436367,237.06974185086432,56.888240175307736,DHL,457.0706849116291,97456.67553937309,30 Days,7880,8.221506557403382,1251,12.8671366224273,15943.671126166902,Lubricated,Good,Holder1,5164,2023-10-12
XYZ Ltd,UAE,EMEA,1165,2023-06-15,2165,3165,2023-07-16,4,4165,2023-08-13,2023-09-13,CIF,Cable,11,6x19,Galvanized,IWRC,LHOL,Yes,1575,0.9734601456361409,4.80996446602353,1719,7.120173652966484,12,6326,42.300975104169915,USD,75.70938086562646,62.805069524751346,253.89345265742656,69.18799859277075,DHL,499.0132375016719,46305.38167221212,60 Days,6757,21.750824394438474,1778,0.5496123051969914,17967.18559780444,Lubricated,Good,Holder1,5165,2023-10-13
XYZ Ltd,UAE,APAC,1166,2023-06-16,2166,3166,2023-07-17,6,4166,2023-08-14,2023-09-14,CIF,Cable,14,6x19,Galvanized,IWRC,LHOL,Yes,1783,1.0231905990965664,2.363984607133595,961,5.148372463237072,6,2938,42.37413892085329,EUR,77.89413651767585,67.9351641408332,271.00747428551006,191.51050137262826,DHL,409.22738886598864,56964.718136788324,30 Days,3187,24.239639397553876,528,14.554489330282966,3748.2405599059953,Lubricated,Good,Holder2,5166,2023-10-14
Global Steel,UAE,EMEA,1167,2023-06-17,2167,3167,2023-07-18,6,4167,2023-08-15,2023-09-15,CIF,Wire Rope,22,6x19,Galvanized,IWRC,LHOL,No,1704,1.4108704544723296,4.491277057919156,1458,5.026286066188439,15,2856,32.746222628697566,USD,89.4197675822179,70.66257593213405,229.48075813911566,108.3017941915605,DHL,240.04334625051135,95189.20172948147,Advance,2902,80.23279507995282,570,22.16300564461356,9152.790923106113,Lubricated,Average,Holder1,5167,2023-10-15
Global Steel,UAE,APAC,1168,2023-06-18,2168,3168,2023-07-19,4,4168,2023-08-16,2023-09-16,CIF,Strand,32,6x19,Galvanized,FC,LHOL,Yes,1132,1.2421847585257524,3.8934248314990914,1563,4.580608086719162,3,6563,70.98642238220974,USD,83.94570293159956,22.149147995831683,454.0896492812027,169.58135110037995,DHL,231.07833009002593,10036.671011109183,Advance,8633,56.07046882210386,2900,12.628062690279918,2756.934872512443,None,Average,Holder1,5168,2023-10-16
Prime Metals,UAE,APAC,1169,2023-06-19,2169,3169,2023-07-20,7,4169,2023-08-17,2023-09-17,CIF,Cable,24,6x36,Ungalvanized,IWRC,RHOL,No,1096,0.8523836568318202,1.713858513587033,1987,3.906477987600636,3,7892,98.1433005678754,USD,70.94950420267669,73.14224592380907,415.89578677338153,54.94497224252239,Maersk,421.51431272123176,83789.19226938729,Advance,1527,25.48440951846019,1769,7.167006847198834,18143.479140849755,None,Average,Holder2,5169,2023-10-17
ABC Corp,Germany,APAC,1170,2023-06-20,2170,3170,2023-07-21,1,4170,2023-08-18,2023-09-18,CIF,Wire Rope,28,6x19,Galvanized,FC,RHOL,No,1902,1.4750862645791207,1.9185629819877272,914,1.390924050578096,5,9718,52.41088379530585,USD,80.40549916042315,61.73905169870046,419.9382373677771,50.58338312122785,Maersk,155.01351214836498,47487.94466257512,60 Days,5202,11.525859089804824,2711,19.201958578109718,1461.9949186230433,Tape,High Demand,Holder2,5170,2023-10-18
Global Steel,Germany,EMEA,1171,2023-06-21,2171,3171,2023-07-22,8,4171,2023-08-19,2023-09-19,CIF,Wire Rope,48,6x36,Galvanized,IWRC,LHOL,No,1450,1.1214264170457824,3.858307895637808,1603,9.34084626897333,1,4216,29.48379278312178,USD,77.52158214822632,79.22879547996205,429.3219392401913,81.19896462106445,Maersk,249.65658887300458,57556.87108758618,30 Days,7225,6.653668062634304,612,29.192316476683878,13601.507242809583,Tape,Average,Holder1,5171,2023-10-19
Prime Metals,Germany,APAC,1172,2023-06-22,2172,3172,2023-07-23,1,4172,2023-08-20,2023-09-20,CIF,Cable,13,6x19,Galvanized,IWRC,RHOL,Yes,1027,0.845215463492679,1.5126571847804926,743,9.525797300428966,5,9586,74.86687215734422,EUR,86.05808524840062,67.96285538807678,105.48677571804967,127.78128811673872,DHL,374.0291343783874,76156.39698017262,Advance,4379,57.390770394358206,1011,29.354239029334867,5192.551064093342,Tape,Average,Holder1,5172,2023-10-20
Prime Metals,India,NA,1173,2023-06-23,2173,3173,2023-07-24,6,4173,2023-08-21,2023-09-21,CIF,Strand,27,6x19,Ungalvanized,IWRC,LHOL,No,1554,1.2072343241789179,2.215995863588467,1251,3.904604218142791,6,3326,67.7085006514716,EUR,74.20723207419888,62.23488858249648,316.98427411435614,142.75825749448768,DHL,167.53121604967075,87266.47918923895,Advance,5408,86.27709761536738,2896,18.922702863525377,9921.348523813607,None,Good,Holder2,5173,2023-10-21
XYZ Ltd,UAE,EMEA,1174,2023-06-24,2174,3174,2023-07-25,7,4174,2023-08-22,2023-09-22,FOB,Wire Rope,44,6x36,Ungalvanized,FC,RHOL,No,1753,1.48217096484254,3.5498360278625922,1677,6.159144733041784,12,2094,70.88844469027244,USD,86.29970886357697,35.470824523509975,485.9965490910465,52.40144855390022,Maersk,324.13031248038305,50903.7671910022,Advance,641,23.67581703356649,1362,19.146542378825117,6704.879272293742,Lubricated,High Demand,Holder2,5174,2023-10-22
XYZ Ltd,UAE,NA,1175,2023-06-25,2175,3175,2023-07-26,1,4175,2023-08-23,2023-09-23,FOB,Strand,20,6x36,Ungalvanized,IWRC,RHOL,No,1107,1.156554792276369,4.389724537668677,997,6.263639403890946,4,5921,27.90060041977485,USD,70.56670978318768,42.636739621549104,365.2496964025844,151.23435699596536,DHL,107.31117083907739,10907.7717907817,30 Days,6713,62.32840318262884,2287,16.453395797923697,11770.763522761286,None,High Demand,Holder2,5175,2023-10-23
Prime Metals,India,EMEA,1176,2023-06-26,2176,3176,2023-07-27,5,4176,2023-08-24,2023-09-24,CIF,Strand,46,6x36,Ungalvanized,FC,RHOL,Yes,1603,1.3237441580192788,2.6362315966989875,1291,3.9180232989593136,3,4200,25.471177326513967,USD,83.03226482554967,49.94962610232055,477.59960884166827,67.47324274982687,DHL,369.6301563564172,97107.58400813273,60 Days,7278,80.33514254329451,1997,21.253929980914577,3546.6450434139438,Tape,Average,Holder1,5176,2023-10-24
ABC Corp,India,APAC,1177,2023-06-27,2177,3177,2023-07-28,7,4177,2023-08-25,2023-09-25,CIF,Strand,46,6x36,Ungalvanized,IWRC,RHOL,Yes,1271,0.9131250343285824,2.895813700380244,569,8.787299901066318,8,8215,23.20247956019525,EUR,76.61521116165324,24.78862589954334,109.46870076472935,188.0370492026878,Maersk,138.40415726330127,19757.862929498537,60 Days,1746,76.58971499221751,2221,2.8543484388417353,19371.820679143755,None,High Demand,Holder1,5177,2023-10-25
Prime Metals,USA,EMEA,1178,2023-06-28,2178,3178,2023-07-29,8,4178,2023-08-26,2023-09-26,FOB,Cable,15,6x19,Galvanized,IWRC,LHOL,No,1803,0.8677631520335811,2.004868129607562,1410,4.674198338277116,9,5580,90.15159597222815,EUR,76.67539087050741,61.17000652923766,427.5830978504098,174.32257891531106,Maersk,403.71789253866905,95980.67804565649,Advance,2475,73.61319922573482,1122,6.033523643716593,2855.853798965359,None,Good,Holder1,5178,2023-10-26
ABC Corp,USA,EMEA,1179,2023-06-29,2179,3179,2023-07-30,7,4179,2023-08-27,2023-09-27,FOB,Strand,31,6x36,Ungalvanized,FC,RHOL,No,1210,0.8173408691628824,1.828758728876351,1211,6.061456896594976,2,7395,70.65905926537555,EUR,88.94541089318543,18.923796020260582,439.31371320593973,103.7036037068898,DHL,449.6877952527611,96694.22447830038,Advance,6899,77.32590446355907,2734,10.543194037785087,5121.727199338978,Lubricated,High Demand,Holder2,5179,2023-10-27
ABC Corp,UAE,EMEA,1180,2023-06-30,2180,3180,2023-07-31,3,4180,2023-08-28,2023-09-28,FOB,Strand,40,6x19,Galvanized,FC,LHOL,Yes,1230,1.0694905888907513,1.3301340842668372,926,6.9747346111813044,5,1258,73.56654666335669,USD,84.47457923676134,29.660959240216137,214.357058000181,144.87779275536226,Maersk,327.8887979013301,67995.24792105297,60 Days,2368,32.26156501070382,851,9.567833009804763,8071.237710692745,Tape,Average,Holder1,5180,2023-10-28
Global Steel,UAE,EMEA,1181,2023-07-01,2181,3181,2023-08-01,7,4181,2023-08-29,2023-09-29,CIF,Strand,12,6x19,Ungalvanized,FC,LHOL,Yes,1929,1.0874027296868327,1.9340171888267093,1932,3.049676492210139,17,6568,86.17071125167351,EUR,72.80639367061264,64.40942515886151,181.20439341915917,97.7954440254741,Maersk,222.87637858581746,91214.84174559127,60 Days,2624,76.78312136029761,2927,1.3934742397799793,10000.050476453198,None,Good,Holder2,5181,2023-10-29
ABC Corp,India,NA,1182,2023-07-02,2182,3182,2023-08-02,1,4182,2023-08-30,2023-09-30,CIF,Wire Rope,48,6x36,Ungalvanized,FC,LHOL,Yes,1566,1.1199098811829105,2.800509524332153,1315,9.719250773630405,6,5636,62.40624101312896,EUR,70.08892811340924,75.55213076553107,269.4173557646328,178.46776053094564,DHL,469.18950863848465,24126.577038769843,Advance,5797,16.967225711270434,937,21.66544866326902,10173.226193186916,None,High Demand,Holder2,5182,2023-10-30
Prime Metals,UAE,APAC,1183,2023-07-03,2183,3183,2023-08-03,4,4183,2023-08-31,2023-10-01,CIF,Strand,35,6x19,Galvanized,FC,RHOL,Yes,1060,1.1028296731252838,4.134377128177296,984,5.4397657913452395,19,3226,63.29076862625063,USD,71.86988726412949,15.290653825671967,257.9702568437461,67.981671901981,Maersk,318.50073268885285,70014.99336910079,30 Days,6572,54.35438684737516,2305,28.973826990802102,17670.735328845003,Lubricated,Average,Holder2,5183,2023-10-31
Prime Metals,Germany,NA,1184,2023-07-04,2184,3184,2023-08-04,5,4184,2023-09-01,2023-10-02,FOB,Wire Rope,49,6x36,Ungalvanized,FC,RHOL,No,1262,1.4649276512228964,3.461487581778533,641,8.661890004533916,2,8053,56.15141394135519,USD,70.36107800305753,84.36482734043432,471.7507855117253,137.5188416324566,DHL,486.1210484277076,46295.3802970203,30 Days,3735,36.002749782101795,1640,25.689971833162897,13211.711928405586,None,Average,Holder1,5184,2023-11-01
ABC Corp,USA,EMEA,1185,2023-07-05,2185,3185,2023-08-05,9,4185,2023-09-02,2023-10-03,FOB,Cable,31,6x19,Ungalvanized,IWRC,RHOL,Yes,1886,1.076819739702429,1.185368798682168,1445,8.22218782733301,14,6946,89.8135151777252,EUR,70.83611465100323,36.46731220062838,333.89925014328134,188.784684017381,Maersk,496.2593826702964,84820.41621429511,30 Days,7366,67.23268044592673,934,7.326645853461818,13372.153990166478,Tape,Average,Holder1,5185,2023-11-02
XYZ Ltd,Germany,EMEA,1186,2023-07-06,2186,3186,2023-08-06,2,4186,2023-09-03,2023-10-04,CIF,Wire Rope,44,6x19,Galvanized,IWRC,LHOL,No,1052,0.9691640001189046,2.799084228272223,1328,7.578235242449762,15,9884,98.73263579086615,EUR,81.74094028093816,55.55361961970901,163.09084734723297,178.56520738109705,DHL,106.08493096518549,12314.09076049617,60 Days,8682,88.5151168243276,899,18.26708415266524,18749.62411496285,Tape,Average,Holder1,5186,2023-11-03
Global Steel,UAE,EMEA,1187,2023-07-07,2187,3187,2023-08-07,8,4187,2023-09-04,2023-10-05,CIF,Cable,20,6x36,Galvanized,FC,RHOL,No,1168,1.1814591463292474,3.152899354875622,1048,5.536428340527493,14,3572,21.982341455051504,USD,78.9995089972221,22.720058616523044,124.37662565190175,176.97879788845154,Maersk,292.26498381258807,81690.6046934415,Advance,854,69.01727652108885,1573,4.1160239562861545,9439.238055940676,None,Average,Holder1,5187,2023-11-04
Prime Metals,USA,EMEA,1188,2023-07-08,2188,3188,2023-08-08,9,4188,2023-09-05,2023-10-06,CIF,Cable,21,6x36,Galvanized,IWRC,RHOL,Yes,1156,1.0089236204204637,3.1244893329914003,1378,5.599253576401686,19,9100,54.897086632310064,USD,72.74619990356025,35.088551062449895,292.87038559518,58.59586406251792,Maersk,202.31969752824887,22252.06793092982,30 Days,3257,37.27581120126633,1320,20.020053974857085,7934.472527224288,Lubricated,Average,Holder2,5188,2023-11-05
Global Steel,UAE,APAC,1189,2023-07-09,2189,3189,2023-08-09,2,4189,2023-09-06,2023-10-07,CIF,Strand,44,6x19,Ungalvanized,FC,RHOL,No,1660,0.8963686720381604,3.94237681749479,1465,9.528362120801097,14,8863,17.330622613673857,EUR,77.98377059443013,92.86161336860106,311.2065789030204,167.06920774724892,Maersk,324.168125010072,74609.10633536159,Advance,4320,40.04791658387135,76,4.006872550898049,13128.925934205432,Lubricated,High Demand,Holder2,5189,2023-11-06
Global Steel,USA,NA,1190,2023-07-10,2190,3190,2023-08-10,8,4190,2023-09-07,2023-10-08,CIF,Cable,48,6x19,Galvanized,IWRC,RHOL,No,1291,1.2296399149478172,4.579138778138834,877,5.7606125427514066,13,7090,29.59400651503146,USD,86.79396112116302,33.73001307903337,268.05267779328295,161.40476300816243,Maersk,147.55121139369146,52878.15719253475,30 Days,998,19.470112765502932,956,5.6746590392740215,7818.769632463875,Tape,Good,Holder2,5190,2023-11-07
ABC Corp,Germany,NA,1191,2023-07-11,2191,3191,2023-08-11,6,4191,2023-09-08,2023-10-09,CIF,Cable,32,6x19,Galvanized,FC,LHOL,No,1308,0.9985367488057175,2.208140625687343,812,1.7117244799622255,9,9270,71.88010970887822,USD,77.674709547964,22.921856822788985,238.02757068857397,159.02244661985992,Maersk,215.50474875561042,97962.6241524412,60 Days,3073,6.210567646944262,2196,23.68587599605494,15337.104778559073,None,Average,Holder2,5191,2023-11-08
Global Steel,India,APAC,1192,2023-07-12,2192,3192,2023-08-12,6,4192,2023-09-09,2023-10-10,FOB,Wire Rope,30,6x19,Ungalvanized,IWRC,RHOL,Yes,1177,1.1320662397458303,1.972171511928352,1751,2.2273590281401505,15,2955,29.773472617326096,USD,77.8527343056887,40.66045812761014,236.82397701945072,192.65771593830982,Maersk,233.32720333476615,27984.21021932294,Advance,3467,12.52109884634106,1357,26.46941657721698,3346.9191033678526,None,Average,Holder1,5192,2023-11-09
Global Steel,India,EMEA,1193,2023-07-13,2193,3193,2023-08-13,1,4193,2023-09-10,2023-10-11,CIF,Strand,19,6x19,Galvanized,FC,LHOL,Yes,1159,1.4807971153235095,1.8835727649133105,922,8.102423108705073,11,2061,63.2932798584244,USD,70.76568249650884,84.44158010792009,445.7317147225657,65.93223108686917,Maersk,150.10959349753801,32003.795125909175,30 Days,3509,10.259196212922065,2505,22.12609084640231,17565.54267493555,None,Good,Holder1,5193,2023-11-10
ABC Corp,India,APAC,1194,2023-07-14,2194,3194,2023-08-14,9,4194,2023-09-11,2023-10-12,CIF,Cable,14,6x19,Ungalvanized,IWRC,RHOL,No,1899,1.4107714872901183,4.092898569813729,735,2.7795086171413526,9,7700,53.43912890942055,USD,82.43560238593466,48.47202725311622,391.15058272531905,132.72749580922013,Maersk,276.22951203855513,39153.69211928988,60 Days,4831,65.52799160052635,652,26.689470717640276,15471.539865824534,Lubricated,High Demand,Holder1,5194,2023-11-11
ABC Corp,Germany,EMEA,1195,2023-07-15,2195,3195,2023-08-15,1,4195,2023-09-12,2023-10-13,FOB,Cable,10,6x36,Galvanized,IWRC,LHOL,No,1691,1.459265078754202,4.4236115065365915,1101,8.041382137599577,6,6422,48.855046049001785,EUR,84.16561519281882,43.76739604604363,400.75826838526996,56.82101936237479,Maersk,140.35332326795498,77227.03674207708,30 Days,3098,39.13112450073307,2376,17.01350120601568,17104.731391912333,Lubricated,Average,Holder2,5195,2023-11-12
Prime Metals,USA,APAC,1196,2023-07-16,2196,3196,2023-08-16,4,4196,2023-09-13,2023-10-14,CIF,Cable,47,6x36,Ungalvanized,FC,LHOL,Yes,1173,1.034055013004041,1.0236202271569068,1595,3.4295017133644574,15,3492,57.32916554788952,EUR,85.1553854958264,58.94919468130769,231.57562384454425,132.3946466404973,Maersk,153.7715890400696,43276.05052605016,60 Days,3886,61.01012974182233,1587,29.645382337794295,17232.793099289054,None,Average,Holder2,5196,2023-11-13
XYZ Ltd,UAE,EMEA,1197,2023-07-17,2197,3197,2023-08-17,8,4197,2023-09-14,2023-10-15,CIF,Cable,22,6x19,Ungalvanized,IWRC,LHOL,No,1448,0.9831565765864141,4.694082111595023,1998,6.630967994145076,4,7351,59.05073074689928,USD,73.02316794413561,91.6675312564373,486.94610041412017,115.83539426547154,Maersk,387.74392526209016,59471.72634252427,30 Days,7951,11.566895244266425,51,17.337046081095135,13457.740971291243,None,High Demand,Holder2,5197,2023-11-14
Global Steel,India,APAC,1198,2023-07-18,2198,3198,2023-08-18,4,4198,2023-09-15,2023-10-16,CIF,Cable,14,6x36,Galvanized,IWRC,RHOL,Yes,1429,0.9752848417942639,2.7301001826072664,820,5.949161773413136,17,3334,53.734159839805464,EUR,89.01619217916709,98.9313848088804,448.10160384611896,198.86750400036965,DHL,237.08113219395818,42432.1844197427,30 Days,3100,83.57337987357974,172,28.75528927631732,13338.923870157181,None,High Demand,Holder1,5198,2023-11-15
XYZ Ltd,UAE,NA,1199,2023-07-19,2199,3199,2023-08-19,2,4199,2023-09-16,2023-10-17,FOB,Strand,19,6x36,Galvanized,FC,RHOL,Yes,1140,1.4460892721094076,3.4255679803508357,651,7.887960247345138,8,2223,38.22971184757891,EUR,71.51748259363804,13.397605093628314,248.33485729555034,170.51686426782214,Maersk,265.67077648280076,10869.943630167862,Advance,3842,40.562201014426016,1873,14.724254967855146,4662.767093347487,None,High Demand,Holder1,5199,2023-11-16
